City,zip,state_id,Availability,serving_now,total_outage_minutes,total_outages_in_year
Houston,77014,Texas,in 2-6 weeks,yes,48.9,288.9
Houston,77015,Texas,in 2-6 weeks,yes,48.9,288.9
Houston,77038,Texas,in 2-6 weeks,yes,48.9,288.9
Houston,77039,Texas,in 2-6 weeks,yes,48.9,288.9
Houston,77040,Texas,in 2-6 weeks,yes,48.9,288.9
Houston,77041,Texas,in 2-6 weeks,yes,48.9,288.9
Houston,77044,Texas,in 2-6 weeks,yes,48.9,288.9
Houston,77049,Texas,in 2-6 weeks,yes,48.9,288.9
Houston,77060,Texas,in 2-6 weeks,yes,48.9,288.9
Houston,77064,Texas,in 2-6 weeks,yes,48.9,288.9
Houston,77065,Texas,in 2-6 weeks,yes,48.9,288.9
Houston,77066,Texas,in 2-6 weeks,yes,48.9,288.9
Houston,77067,Texas,in 2-6 weeks,yes,48.9,288.9
Houston,77068,Texas,in 2-6 weeks,yes,48.9,288.9
Houston,77069,Texas,in 2-6 weeks,yes,48.9,288.9
Houston,77070,Texas,in 2-6 weeks,yes,48.9,288.9
Houston,77073,Texas,in 2-6 weeks,yes,48.9,288.9
Houston,77082,Texas,in 2-6 weeks,yes,48.9,288.9
Houston,77083,Texas,in 2-6 weeks,yes,48.9,288.9
Houston,77084,Texas,in 2-6 weeks,yes,48.9,288.9
Houston,77086,Texas,in 2-6 weeks,yes,48.9,288.9
Houston,77089,Texas,in 2-6 weeks,yes,48.9,288.9
Houston,77090,Texas,in 2-6 weeks,yes,48.9,288.9
Houston,77094,Texas,in 2-6 weeks,yes,48.9,288.9
Houston,77095,Texas,in 2-6 weeks,yes,48.9,288.9
Conroe,77302,Texas,in 2-6 weeks,yes,,
Montgomery,77316,Texas,in 2-6 weeks,yes,,
Humble,77338,Texas,in 2-6 weeks,yes,48.9,288.9
Humble,77346,Texas,in 2-6 weeks,yes,48.9,288.9
Magnolia,77354,Texas,in 2-6 weeks,yes,59.2,391.9
Magnolia,77355,Texas,in 2-6 weeks,yes,59.2,391.9
Pinehurst,77362,Texas,in 2-6 weeks,yes,,
Porter,77365,Texas,in 2-6 weeks,yes,,
Spring,77373,Texas,in 2-6 weeks,yes,48.9,288.9
Tomball,77375,Texas,in 2-6 weeks,yes,48.9,288.9
Tomball,77377,Texas,in 2-6 weeks,yes,48.9,288.9
Spring,77379,Texas,in 2-6 weeks,yes,48.9,288.9
Conroe,77385,Texas,in 2-6 weeks,yes,,
Spring,77386,Texas,in 2-6 weeks,yes,59.2,391.9
Spring,77388,Texas,in 2-6 weeks,yes,48.9,288.9
Spring,77389,Texas,in 2-6 weeks,yes,48.9,288.9
Humble,77396,Texas,in 2-6 weeks,yes,48.9,288.9
Richmond,77406,Texas,in 2-6 weeks,yes,20.4,106.9
Richmond,77407,Texas,in 2-6 weeks,yes,20.4,106.9
Beasley,77417,Texas,in 2-6 weeks,yes,,
Boling,77420,Texas,in 2-6 weeks,yes,,
Brookshire,77423,Texas,in 2-6 weeks,yes,231.3,1588.1
Cypress,77429,Texas,in 2-6 weeks,yes,48.9,288.9
Damon,77430,Texas,in 2-6 weeks,yes,,
Cypress,77433,Texas,in 2-6 weeks,yes,48.9,288.9
East Bernard,77435,Texas,in 2-6 weeks,yes,,
Fulshear,77441,Texas,in 2-6 weeks,yes,,
Guy,77444,Texas,in 2-6 weeks,yes,,
Hockley,77447,Texas,in 2-6 weeks,yes,,
Katy,77449,Texas,in 2-6 weeks,yes,48.9,288.9
Katy,77450,Texas,in 2-6 weeks,yes,48.9,288.9
Missouri City,77459,Texas,in 2-6 weeks,yes,,
Needville,77461,Texas,in 2-6 weeks,yes,,
Richmond,77469,Texas,in 2-6 weeks,yes,20.4,106.9
Rosenberg,77471,Texas,in 2-6 weeks,yes,20.4,106.9
Sealy,77474,Texas,in 2-6 weeks,yes,188.7,1310.6
Sugar Land,77478,Texas,in 2-6 weeks,yes,20.4,106.9
Sugar Land,77479,Texas,in 2-6 weeks,yes,20.4,106.9
Waller,77484,Texas,in 2-6 weeks,yes,,
Wallis,77485,Texas,in 2-6 weeks,yes,,
Katy,77493,Texas,in 2-6 weeks,yes,48.9,288.9
Katy,77494,Texas,in 2-6 weeks,yes,20.4,106.9
Sugar Land,77498,Texas,in 2-6 weeks,yes,20.4,106.9
Baytown,77521,Texas,in 2-6 weeks,yes,48.9,288.9
Channelview,77530,Texas,in 2-6 weeks,yes,48.9,288.9
Crosby,77532,Texas,in 2-6 weeks,yes,48.9,288.9
Fresno,77545,Texas,in 2-6 weeks,yes,,
Highlands,77562,Texas,in 2-6 weeks,yes,,
Rosharon,77583,Texas,in 2-6 weeks,yes,,
Addison,75001,Texas,late 2025,preorder,143.2,690.8
Celina,75009,Texas,late 2025,preorder,,
Coppell,75019,Texas,late 2025,preorder,143.2,690.8
Denison,75020,Texas,late 2025,preorder,406.8,2519.0
Denison,75021,Texas,late 2025,preorder,406.8,2519.0
Rockwall,75032,Texas,late 2025,preorder,276.4,2613.4
Irving,75038,Texas,late 2025,preorder,143.2,690.8
Irving,75039,Texas,late 2025,preorder,143.2,690.8
Garland,75040,Texas,late 2025,preorder,,
Garland,75041,Texas,late 2025,preorder,,
Garland,75042,Texas,late 2025,preorder,,
Garland,75043,Texas,late 2025,preorder,,
Garland,75044,Texas,late 2025,preorder,,
Sachse,75048,Texas,late 2025,preorder,,
The Colony,75056,Texas,late 2025,preorder,395.1,1744.2
The Colony,75056,Texas,late 2025,preorder,395.1,1744.2
Lewisville,75057,Texas,late 2025,preorder,395.1,1744.2
Lewisville,75057,Texas,late 2025,preorder,395.1,1744.2
Gunter,75058,Texas,late 2025,preorder,,
Irving,75059,Texas,late 2025,preorder,,
Irving,75060,Texas,late 2025,preorder,143.2,690.8
Irving,75061,Texas,late 2025,preorder,143.2,690.8
Irving,75062,Texas,late 2025,preorder,143.2,690.8
Irving,75063,Texas,late 2025,preorder,143.2,690.8
Irving,75064,Texas,late 2025,preorder,,
Lake Dallas,75065,Texas,late 2025,preorder,,
Lewisville,75067,Texas,late 2025,preorder,395.1,1744.2
Lewisville,75067,Texas,late 2025,preorder,395.1,1744.2
Little Elm,75068,Texas,late 2025,preorder,,
Pottsboro,75076,Texas,late 2025,preorder,406.8,2519.0
Lewisville,75077,Texas,late 2025,preorder,395.1,1744.2
Lewisville,75077,Texas,late 2025,preorder,395.1,1744.2
Prosper,75078,Texas,late 2025,preorder,,
Richardson,75080,Texas,late 2025,preorder,143.2,690.8
Richardson,75081,Texas,late 2025,preorder,143.2,690.8
Richardson,75082,Texas,late 2025,preorder,308.3,2220.3
Rowlett,75088,Texas,late 2025,preorder,143.2,690.8
Rowlett,75089,Texas,late 2025,preorder,143.2,690.8
Coppell,75099,Texas,late 2025,preorder,,
Barry,75102,Texas,late 2025,preorder,,
Canton,75103,Texas,late 2025,preorder,914.5,7377.2
Cedar Hill,75104,Texas,late 2025,preorder,143.2,690.8
Chatfield,75105,Texas,late 2025,preorder,,
Corsicana,75109,Texas,late 2025,preorder,108.5,762.6
Corsicana,75110,Texas,late 2025,preorder,108.5,762.6
Crandall,75114,Texas,late 2025,preorder,,
Desoto,75115,Texas,late 2025,preorder,,
Edgewood,75117,Texas,late 2025,preorder,914.5,7377.2
Eustace,75124,Texas,late 2025,preorder,479.7,5270.3
Fruitvale,75127,Texas,late 2025,preorder,,
Lancaster,75134,Texas,late 2025,preorder,143.2,690.8
Caddo Mills,75135,Texas,late 2025,preorder,,
Grand Saline,75140,Texas,late 2025,preorder,,
Hutchins,75141,Texas,late 2025,preorder,143.2,690.8
Kaufman,75142,Texas,late 2025,preorder,630.5,5441.9
Kemp,75143,Texas,late 2025,preorder,,
Kerens,75144,Texas,late 2025,preorder,,
Lancaster,75146,Texas,late 2025,preorder,143.2,690.8
Mabank,75147,Texas,late 2025,preorder,914.5,7377.2
Malakoff,75148,Texas,late 2025,preorder,479.7,5270.3
Mesquite,75149,Texas,late 2025,preorder,143.2,690.8
Mesquite,75150,Texas,late 2025,preorder,143.2,690.8
Palmer,75152,Texas,late 2025,preorder,247.2,2741.4
Powell,75153,Texas,late 2025,preorder,,
Rice,75155,Texas,late 2025,preorder,,
Mabank,75156,Texas,late 2025,preorder,479.7,5270.3
Scurry,75158,Texas,late 2025,preorder,,
Seagoville,75159,Texas,late 2025,preorder,143.2,690.8
Terrell,75160,Texas,late 2025,preorder,630.5,5441.9
Terrell,75161,Texas,late 2025,preorder,630.5,5441.9
Trinidad,75163,Texas,late 2025,preorder,,
Lavon,75166,Texas,late 2025,preorder,,
Wills Point,75169,Texas,late 2025,preorder,914.5,7377.2
Balch Springs,75180,Texas,late 2025,preorder,143.2,690.8
Mesquite,75181,Texas,late 2025,preorder,143.2,690.8
Sunnyvale,75182,Texas,late 2025,preorder,,
Dallas,75201,Texas,late 2025,preorder,143.2,690.8
Dallas,75202,Texas,late 2025,preorder,143.2,690.8
Dallas,75203,Texas,late 2025,preorder,143.2,690.8
Dallas,75204,Texas,late 2025,preorder,143.2,690.8
Dallas,75205,Texas,late 2025,preorder,143.2,690.8
Dallas,75206,Texas,late 2025,preorder,143.2,690.8
Dallas,75207,Texas,late 2025,preorder,143.2,690.8
Dallas,75208,Texas,late 2025,preorder,143.2,690.8
Dallas,75209,Texas,late 2025,preorder,143.2,690.8
Dallas,75210,Texas,late 2025,preorder,143.2,690.8
Dallas,75211,Texas,late 2025,preorder,143.2,690.8
Dallas,75212,Texas,late 2025,preorder,143.2,690.8
Dallas,75214,Texas,late 2025,preorder,143.2,690.8
Dallas,75215,Texas,late 2025,preorder,143.2,690.8
Dallas,75216,Texas,late 2025,preorder,143.2,690.8
Dallas,75217,Texas,late 2025,preorder,143.2,690.8
Dallas,75218,Texas,late 2025,preorder,143.2,690.8
Dallas,75219,Texas,late 2025,preorder,143.2,690.8
Dallas,75220,Texas,late 2025,preorder,143.2,690.8
Dallas,75223,Texas,late 2025,preorder,143.2,690.8
Dallas,75224,Texas,late 2025,preorder,143.2,690.8
Dallas,75225,Texas,late 2025,preorder,143.2,690.8
Dallas,75226,Texas,late 2025,preorder,143.2,690.8
Dallas,75227,Texas,late 2025,preorder,143.2,690.8
Dallas,75228,Texas,late 2025,preorder,143.2,690.8
Dallas,75229,Texas,late 2025,preorder,143.2,690.8
Dallas,75230,Texas,late 2025,preorder,143.2,690.8
Dallas,75231,Texas,late 2025,preorder,143.2,690.8
Dallas,75232,Texas,late 2025,preorder,143.2,690.8
Dallas,75233,Texas,late 2025,preorder,143.2,690.8
Dallas,75235,Texas,late 2025,preorder,143.2,690.8
Dallas,75236,Texas,late 2025,preorder,143.2,690.8
Dallas,75237,Texas,late 2025,preorder,143.2,690.8
Dallas,75238,Texas,late 2025,preorder,143.2,690.8
Dallas,75240,Texas,late 2025,preorder,143.2,690.8
Dallas,75241,Texas,late 2025,preorder,143.2,690.8
Dallas,75242,Texas,late 2025,preorder,,
Dallas,75243,Texas,late 2025,preorder,143.2,690.8
Dallas,75244,Texas,late 2025,preorder,143.2,690.8
Dallas,75246,Texas,late 2025,preorder,143.2,690.8
Dallas,75247,Texas,late 2025,preorder,143.2,690.8
Dallas,75248,Texas,late 2025,preorder,143.2,690.8
Dallas,75249,Texas,late 2025,preorder,143.2,690.8
Dallas,75251,Texas,late 2025,preorder,143.2,690.8
Dallas,75252,Texas,late 2025,preorder,308.3,2220.3
Dallas,75253,Texas,late 2025,preorder,143.2,690.8
Dallas,75254,Texas,late 2025,preorder,143.2,690.8
Dallas,75260,Texas,late 2025,preorder,,
Dallas,75270,Texas,late 2025,preorder,143.2,690.8
Dallas,75275,Texas,late 2025,preorder,,
Dallas,75277,Texas,late 2025,preorder,,
Dallas,75283,Texas,late 2025,preorder,,
Dallas,75284,Texas,late 2025,preorder,,
Dallas,75285,Texas,late 2025,preorder,,
Dallas,75287,Texas,late 2025,preorder,308.3,2220.3
Dallas,75301,Texas,late 2025,preorder,,
Dallas,75303,Texas,late 2025,preorder,,
Dallas,75312,Texas,late 2025,preorder,,
Dallas,75320,Texas,late 2025,preorder,,
Dallas,75326,Texas,late 2025,preorder,,
Dallas,75358,Texas,late 2025,preorder,,
Dallas,75368,Texas,late 2025,preorder,,
Dallas,75373,Texas,late 2025,preorder,,
Dallas,75389,Texas,late 2025,preorder,,
Dallas,75390,Texas,late 2025,preorder,143.2,690.8
Dallas,75391,Texas,late 2025,preorder,,
Dallas,75392,Texas,late 2025,preorder,,
Dallas,75393,Texas,late 2025,preorder,,
Dallas,75394,Texas,late 2025,preorder,,
Dallas,75395,Texas,late 2025,preorder,,
Dallas,75397,Texas,late 2025,preorder,,
Dallas,75398,Texas,late 2025,preorder,,
Greenville,75402,Texas,late 2025,preorder,,
Alba,75410,Texas,late 2025,preorder,,
Arthur City,75411,Texas,late 2025,preorder,,
Bagwell,75412,Texas,late 2025,preorder,,
Bells,75414,Texas,late 2025,preorder,,
Ben Franklin,75415,Texas,late 2025,preorder,,
Blossom,75416,Texas,late 2025,preorder,,
Bogata,75417,Texas,late 2025,preorder,,
Bonham,75418,Texas,late 2025,preorder,632.6,4250.2
Brashear,75420,Texas,late 2025,preorder,,
Brookston,75421,Texas,late 2025,preorder,,
Campbell,75422,Texas,late 2025,preorder,,
Celeste,75423,Texas,late 2025,preorder,,
Blue Ridge,75424,Texas,late 2025,preorder,,
Clarksville,75426,Texas,late 2025,preorder,1244.2,11278.6
Commerce,75428,Texas,late 2025,preorder,780.7,3498.3
Commerce,75429,Texas,late 2025,preorder,780.7,3498.3
Como,75431,Texas,late 2025,preorder,,
Cooper,75432,Texas,late 2025,preorder,1880.0,8722.0
Cumby,75433,Texas,late 2025,preorder,,
Deport,75435,Texas,late 2025,preorder,,
Detroit,75436,Texas,late 2025,preorder,,
Dike,75437,Texas,late 2025,preorder,,
Dodd City,75438,Texas,late 2025,preorder,,
Ector,75439,Texas,late 2025,preorder,,
Emory,75440,Texas,late 2025,preorder,,
Honey Grove,75446,Texas,late 2025,preorder,,
Ivanhoe,75447,Texas,late 2025,preorder,,
Klondike,75448,Texas,late 2025,preorder,,
Ladonia,75449,Texas,late 2025,preorder,632.6,4250.2
Lake Creek,75450,Texas,late 2025,preorder,,
Leesburg,75451,Texas,late 2025,preorder,,
Leonard,75452,Texas,late 2025,preorder,,
Lone Oak,75453,Texas,late 2025,preorder,,
Melissa,75454,Texas,late 2025,preorder,,
Mount Pleasant,75455,Texas,late 2025,preorder,,
Mount Vernon,75457,Texas,late 2025,preorder,,
Howe,75459,Texas,late 2025,preorder,,
Paris,75460,Texas,late 2025,preorder,721.4,4053.8
Paris,75462,Texas,late 2025,preorder,721.4,4053.8
Paris,75462,Texas,late 2025,preorder,721.4,4053.8
Pattonville,75468,Texas,late 2025,preorder,,
Pecan Gap,75469,Texas,late 2025,preorder,,
Petty,75470,Texas,late 2025,preorder,,
Pickton,75471,Texas,late 2025,preorder,,
Point,75472,Texas,late 2025,preorder,,
Powderly,75473,Texas,late 2025,preorder,,
Quinlan,75474,Texas,late 2025,preorder,780.7,3498.3
Ravenna,75476,Texas,late 2025,preorder,,
Roxton,75477,Texas,late 2025,preorder,,
Saltillo,75478,Texas,late 2025,preorder,,
Savoy,75479,Texas,late 2025,preorder,,
Scroggins,75480,Texas,late 2025,preorder,,
Sulphur Bluff,75481,Texas,late 2025,preorder,,
Sulphur Springs,75482,Texas,late 2025,preorder,1078.7,8314.1
Sumner,75486,Texas,late 2025,preorder,,
Talco,75487,Texas,late 2025,preorder,,
Telephone,75488,Texas,late 2025,preorder,,
Trenton,75490,Texas,late 2025,preorder,,
Whitewright,75491,Texas,late 2025,preorder,406.8,2519.0
Windom,75492,Texas,late 2025,preorder,,
Winnsboro,75494,Texas,late 2025,preorder,,
Van Alstyne,75495,Texas,late 2025,preorder,406.8,2519.0
Van Alstyne,75495,Texas,late 2025,preorder,406.8,2519.0
Wolfe City,75496,Texas,late 2025,preorder,780.7,3498.3
Yantis,75497,Texas,late 2025,preorder,803.5,5410.6
Texarkana,75501,Texas,late 2025,preorder,,
Texarkana,75503,Texas,late 2025,preorder,,
Texarkana,75507,Texas,late 2025,preorder,,
Annona,75550,Texas,late 2025,preorder,,
Atlanta,75551,Texas,late 2025,preorder,,
Avery,75554,Texas,late 2025,preorder,,
Bivins,75555,Texas,late 2025,preorder,,
Bloomburg,75556,Texas,late 2025,preorder,,
Cookville,75558,Texas,late 2025,preorder,,
De Kalb,75559,Texas,late 2025,preorder,,
Douglassville,75560,Texas,late 2025,preorder,,
Hooks,75561,Texas,late 2025,preorder,,
Linden,75563,Texas,late 2025,preorder,,
Marietta,75566,Texas,late 2025,preorder,,
Maud,75567,Texas,late 2025,preorder,,
Naples,75568,Texas,late 2025,preorder,,
Nash,75569,Texas,late 2025,preorder,,
New Boston,75570,Texas,late 2025,preorder,,
Omaha,75571,Texas,late 2025,preorder,,
Queen City,75572,Texas,late 2025,preorder,,
Simms,75574,Texas,late 2025,preorder,,
Texarkana,75599,Texas,late 2025,preorder,,
Longview,75601,Texas,late 2025,preorder,,
Longview,75602,Texas,late 2025,preorder,,
Longview,75603,Texas,late 2025,preorder,,
Longview,75604,Texas,late 2025,preorder,,
Longview,75605,Texas,late 2025,preorder,,
Avinger,75630,Texas,late 2025,preorder,,
Beckville,75631,Texas,late 2025,preorder,,
Carthage,75633,Texas,late 2025,preorder,,
Daingerfield,75638,Texas,late 2025,preorder,,
De Berry,75639,Texas,late 2025,preorder,,
Diana,75640,Texas,late 2025,preorder,,
Gary,75643,Texas,late 2025,preorder,,
Gilmer,75644,Texas,late 2025,preorder,,
Gilmer,75645,Texas,late 2025,preorder,,
Gladewater,75647,Texas,late 2025,preorder,,
Hallsville,75650,Texas,late 2025,preorder,,
Harleton,75651,Texas,late 2025,preorder,,
Henderson,75652,Texas,late 2025,preorder,,
Henderson,75654,Texas,late 2025,preorder,,
Hughes Springs,75656,Texas,late 2025,preorder,,
Jefferson,75657,Texas,late 2025,preorder,,
Karnack,75661,Texas,late 2025,preorder,,
Kilgore,75662,Texas,late 2025,preorder,,
Laneville,75667,Texas,late 2025,preorder,,
Lone Star,75668,Texas,late 2025,preorder,,
Long Branch,75669,Texas,late 2025,preorder,,
Marshall,75670,Texas,late 2025,preorder,,
Marshall,75672,Texas,late 2025,preorder,,
Mount Enterprise,75681,Texas,late 2025,preorder,,
Ore City,75683,Texas,late 2025,preorder,,
Overton,75684,Texas,late 2025,preorder,,
Pittsburg,75686,Texas,late 2025,preorder,,
Tatum,75691,Texas,late 2025,preorder,,
Waskom,75692,Texas,late 2025,preorder,,
White Oak,75693,Texas,late 2025,preorder,,
Tyler,75701,Texas,2026,preorder,236.0,2305.0
Tyler,75702,Texas,2026,preorder,236.0,2305.0
Tyler,75703,Texas,2026,preorder,236.0,2305.0
Tyler,75704,Texas,2026,preorder,236.0,2305.0
Tyler,75705,Texas,2026,preorder,236.0,2305.0
Tyler,75706,Texas,2026,preorder,236.0,2305.0
Tyler,75707,Texas,2026,preorder,236.0,2305.0
Tyler,75708,Texas,2026,preorder,236.0,2305.0
Tyler,75709,Texas,2026,preorder,236.0,2305.0
Tyler,75711,Texas,2026,preorder,236.0,2305.0
Arp,75750,Texas,late 2025,preorder,,
Athens,75751,Texas,late 2025,preorder,479.7,5270.3
Athens,75752,Texas,late 2025,preorder,479.7,5270.3
Ben Wheeler,75754,Texas,late 2025,preorder,,
Big Sandy,75755,Texas,late 2025,preorder,,
Brownsboro,75756,Texas,late 2025,preorder,,
Bullard,75757,Texas,late 2025,preorder,,
Chandler,75758,Texas,late 2025,preorder,,
Cushing,75760,Texas,late 2025,preorder,,
Flint,75762,Texas,late 2025,preorder,236.0,2305.0
Frankston,75763,Texas,late 2025,preorder,,
Hawkins,75765,Texas,late 2025,preorder,,
Jacksonville,75766,Texas,late 2025,preorder,,
Larue,75770,Texas,late 2025,preorder,,
Lindale,75771,Texas,late 2025,preorder,236.0,2305.0
Mineola,75773,Texas,late 2025,preorder,,
Murchison,75778,Texas,late 2025,preorder,,
Neches,75779,Texas,late 2025,preorder,771.0,4576.6
Quitman,75783,Texas,late 2025,preorder,,
Reklaw,75784,Texas,late 2025,preorder,,
Rusk,75785,Texas,late 2025,preorder,,
Troup,75789,Texas,late 2025,preorder,,
Van,75790,Texas,late 2025,preorder,914.5,7377.2
Whitehouse,75791,Texas,late 2025,preorder,,
Winona,75792,Texas,late 2025,preorder,,
Big Sandy,75797,Texas,late 2025,preorder,,
Tyler,75798,Texas,2026,preorder,,
Tyler,75799,Texas,2026,preorder,,
Palestine,75801,Texas,late 2025,preorder,771.0,4576.6
Palestine,75803,Texas,late 2025,preorder,771.0,4576.6
Buffalo,75831,Texas,late 2025,preorder,849.4,6470.3
Buffalo,75831,Texas,late 2025,preorder,849.4,6470.3
Centerville,75833,Texas,late 2025,preorder,849.4,6470.3
Centralia,75834,Texas,late 2025,preorder,,
Crockett,75835,Texas,late 2025,preorder,162.1,1956.3
Donie,75838,Texas,late 2025,preorder,,
Elkhart,75839,Texas,late 2025,preorder,,
Fairfield,75840,Texas,late 2025,preorder,,
Grapeland,75844,Texas,late 2025,preorder,,
Groveton,75845,Texas,late 2025,preorder,,
Jewett,75846,Texas,late 2025,preorder,849.4,6470.3
Kennard,75847,Texas,late 2025,preorder,,
Leona,75850,Texas,late 2025,preorder,849.4,6470.3
Lovelady,75851,Texas,late 2025,preorder,,
Midway,75852,Texas,late 2025,preorder,,
Montalba,75853,Texas,late 2025,preorder,,
Oakwood,75855,Texas,late 2025,preorder,,
Pennington,75856,Texas,late 2025,preorder,,
Streetman,75859,Texas,late 2025,preorder,,
Teague,75860,Texas,late 2025,preorder,,
Tennessee Colony,75861,Texas,late 2025,preorder,,
Trinity,75862,Texas,late 2025,preorder,,
Tennessee Colony,75880,Texas,late 2025,preorder,,
Palestine,75882,Texas,late 2025,preorder,,
Tennessee Colony,75884,Texas,late 2025,preorder,,
Tennessee Colony,75886,Texas,late 2025,preorder,,
Lufkin,75901,Texas,late 2025,preorder,165.8,1002.1
Lufkin,75903,Texas,late 2025,preorder,165.8,1002.1
Lufkin,75904,Texas,late 2025,preorder,165.8,1002.1
Alto,75925,Texas,late 2025,preorder,,
Apple Springs,75926,Texas,late 2025,preorder,,
Bon Wier,75928,Texas,late 2025,preorder,,
Broaddus,75929,Texas,late 2025,preorder,,
Bronson,75930,Texas,late 2025,preorder,,
Brookeland,75931,Texas,late 2025,preorder,,
Burkeville,75932,Texas,late 2025,preorder,,
Call,75933,Texas,late 2025,preorder,,
Center,75935,Texas,late 2025,preorder,,
Chester,75936,Texas,late 2025,preorder,,
Chireno,75937,Texas,late 2025,preorder,,
Colmesneil,75938,Texas,late 2025,preorder,,
Corrigan,75939,Texas,late 2025,preorder,,
Diboll,75941,Texas,late 2025,preorder,165.8,1002.1
Douglass,75943,Texas,late 2025,preorder,,
Etoile,75944,Texas,late 2025,preorder,,
Garrison,75946,Texas,late 2025,preorder,,
Hemphill,75948,Texas,late 2025,preorder,,
Huntington,75949,Texas,late 2025,preorder,165.8,1002.1
Jasper,75951,Texas,late 2025,preorder,,
Joaquin,75954,Texas,late 2025,preorder,,
Kirbyville,75956,Texas,late 2025,preorder,,
Milam,75959,Texas,late 2025,preorder,,
Moscow,75960,Texas,late 2025,preorder,,
Nacogdoches,75961,Texas,late 2025,preorder,196.6,1944.2
Nacogdoches,75962,Texas,late 2025,preorder,196.6,1944.2
Nacogdoches,75964,Texas,late 2025,preorder,196.6,1944.2
Nacogdoches,75965,Texas,late 2025,preorder,196.6,1944.2
Newton,75966,Texas,late 2025,preorder,,
Pineland,75968,Texas,late 2025,preorder,,
Pollok,75969,Texas,late 2025,preorder,,
San Augustine,75972,Texas,late 2025,preorder,,
Shelbyville,75973,Texas,late 2025,preorder,,
Tenaha,75974,Texas,late 2025,preorder,,
Timpson,75975,Texas,late 2025,preorder,,
Wiergate,75977,Texas,late 2025,preorder,,
Woodville,75979,Texas,late 2025,preorder,,
Zavalla,75980,Texas,late 2025,preorder,165.8,1002.1
Woodville,75990,Texas,late 2025,preorder,,
Alvarado,76009,Texas,late 2025,preorder,184.9,2314.5
Boyd,76023,Texas,late 2025,preorder,,
Cleburne,76033,Texas,late 2025,preorder,184.9,2314.5
Cresson,76035,Texas,late 2025,preorder,,
Glen Rose,76043,Texas,late 2025,preorder,,
Granbury,76048,Texas,late 2025,preorder,555.8,3948.0
Granbury,76048,Texas,late 2025,preorder,555.8,3948.0
Hurst,76054,Texas,late 2025,preorder,35.3,214.6
Itasca,76055,Texas,late 2025,preorder,,
Keene,76059,Texas,late 2025,preorder,184.9,2314.5
Kennedale,76060,Texas,late 2025,preorder,,
Maypearl,76064,Texas,late 2025,preorder,,
Nemo,76070,Texas,late 2025,preorder,,
Paradise,76073,Texas,late 2025,preorder,,
Rainbow,76077,Texas,late 2025,preorder,1326.9,8955.0
Weatherford,76086,Texas,late 2025,preorder,,
Rio Vista,76093,Texas,late 2025,preorder,,
Fort Worth,76130,Texas,late 2025,preorder,,
North Richland Hills,76180,Texas,late 2025,preorder,35.3,214.6
North Richland Hills,76182,Texas,late 2025,preorder,35.3,214.6
Fort Worth,76190,Texas,late 2025,preorder,,
Fort Worth,76191,Texas,late 2025,preorder,,
Fort Worth,76192,Texas,late 2025,preorder,,
Fort Worth,76193,Texas,late 2025,preorder,,
Fort Worth,76195,Texas,late 2025,preorder,,
Fort Worth,76196,Texas,late 2025,preorder,,
Fort Worth,76197,Texas,late 2025,preorder,,
Fort Worth,76198,Texas,late 2025,preorder,,
Fort Worth,76199,Texas,late 2025,preorder,,
Denton,76201,Texas,late 2025,preorder,395.1,1744.2
Denton,76205,Texas,late 2025,preorder,395.1,1744.2
Denton,76207,Texas,late 2025,preorder,395.1,1744.2
Denton,76208,Texas,late 2025,preorder,395.1,1744.2
Denton,76209,Texas,late 2025,preorder,395.1,1744.2
Denton,76210,Texas,late 2025,preorder,395.1,1744.2
Alvord,76225,Texas,late 2025,preorder,194.6,1796.2
Aubrey,76227,Texas,late 2025,preorder,395.1,1744.2
Aubrey,76227,Texas,late 2025,preorder,395.1,1744.2
Bellevue,76228,Texas,late 2025,preorder,,
Bowie,76230,Texas,late 2025,preorder,,
Collinsville,76233,Texas,late 2025,preorder,406.8,2519.0
Era,76238,Texas,late 2025,preorder,,
Forestburg,76239,Texas,late 2025,preorder,,
Gainesville,76240,Texas,late 2025,preorder,202.4,2122.7
Gainesville,76241,Texas,late 2025,preorder,202.4,2122.7
Gordonville,76245,Texas,late 2025,preorder,,
Krum,76249,Texas,late 2025,preorder,,
Lindsay,76250,Texas,late 2025,preorder,,
Montague,76251,Texas,late 2025,preorder,,
Muenster,76252,Texas,late 2025,preorder,202.4,2122.7
Nocona,76255,Texas,late 2025,preorder,1088.0,7958.2
Pilot Point,76258,Texas,late 2025,preorder,395.1,1744.2
Ponder,76259,Texas,late 2025,preorder,,
Rosston,76263,Texas,late 2025,preorder,,
Sadler,76264,Texas,late 2025,preorder,,
Saint Jo,76265,Texas,late 2025,preorder,1088.0,7958.2
Sanger,76266,Texas,late 2025,preorder,,
Sunset,76270,Texas,late 2025,preorder,,
Tioga,76271,Texas,late 2025,preorder,,
Valley View,76272,Texas,late 2025,preorder,,
Whitesboro,76273,Texas,late 2025,preorder,,
Wichita Falls,76301,Texas,late 2025,preorder,123.1,1129.9
Wichita Falls,76302,Texas,late 2025,preorder,123.1,1129.9
Wichita Falls,76305,Texas,late 2025,preorder,1182.6,10169.8
Wichita Falls,76305,Texas,late 2025,preorder,1182.6,10169.8
Wichita Falls,76306,Texas,late 2025,preorder,123.1,1129.9
Wichita Falls,76308,Texas,late 2025,preorder,123.1,1129.9
Wichita Falls,76309,Texas,late 2025,preorder,123.1,1129.9
Wichita Falls,76310,Texas,late 2025,preorder,799.5,6068.9
Archer City,76351,Texas,late 2025,preorder,799.5,6068.9
Burkburnett,76354,Texas,late 2025,preorder,,
Byers,76357,Texas,late 2025,preorder,,
Electra,76360,Texas,late 2025,preorder,123.1,1129.9
Electra,76360,Texas,late 2025,preorder,123.1,1129.9
Goree,76363,Texas,late 2025,preorder,,
Henrietta,76365,Texas,late 2025,preorder,1182.6,10169.8
Holliday,76366,Texas,late 2025,preorder,,
Iowa Park,76367,Texas,late 2025,preorder,,
Munday,76371,Texas,late 2025,preorder,860.8,6538.9
Newcastle,76372,Texas,late 2025,preorder,,
Oklaunion,76373,Texas,late 2025,preorder,,
Olney,76374,Texas,late 2025,preorder,1504.4,10530.3
Petrolia,76377,Texas,late 2025,preorder,,
Scotland,76379,Texas,late 2025,preorder,,
Seymour,76380,Texas,late 2025,preorder,,
Vernon,76384,Texas,late 2025,preorder,468.0,3657.8
Weinert,76388,Texas,late 2025,preorder,,
Windthorst,76389,Texas,late 2025,preorder,,
Stephenville,76401,Texas,late 2025,preorder,370.3,1737.0
Stephenville,76402,Texas,late 2025,preorder,,
Breckenridge,76424,Texas,late 2025,preorder,1718.1,11030.1
Bridgeport,76426,Texas,late 2025,preorder,,
Bryson,76427,Texas,late 2025,preorder,,
Caddo,76429,Texas,late 2025,preorder,,
Albany,76430,Texas,late 2025,preorder,2149.4,12524.6
Chico,76431,Texas,late 2025,preorder,,
Blanket,76432,Texas,late 2025,preorder,,
Bluff Dale,76433,Texas,late 2025,preorder,,
Carbon,76435,Texas,late 2025,preorder,,
Carlton,76436,Texas,late 2025,preorder,,
Cisco,76437,Texas,late 2025,preorder,1716.0,8239.5
Cisco,76437,Texas,late 2025,preorder,1716.0,8239.5
Comanche,76442,Texas,late 2025,preorder,1581.5,13368.1
Comanche,76442,Texas,late 2025,preorder,1581.5,13368.1
Cross Plains,76443,Texas,late 2025,preorder,1672.4,12181.9
De Leon,76444,Texas,late 2025,preorder,1581.5,13368.1
Desdemona,76445,Texas,late 2025,preorder,,
Dublin,76446,Texas,late 2025,preorder,370.3,1737.0
Eastland,76448,Texas,late 2025,preorder,1716.0,8239.5
Graham,76450,Texas,late 2025,preorder,1504.4,10530.3
Graham,76450,Texas,late 2025,preorder,1504.4,10530.3
Gorman,76454,Texas,late 2025,preorder,,
Gustine,76455,Texas,late 2025,preorder,,
Hico,76457,Texas,late 2025,preorder,,
Jacksboro,76458,Texas,late 2025,preorder,764.2,8563.6
Jacksboro,76458,Texas,late 2025,preorder,764.2,8563.6
Jermyn,76459,Texas,late 2025,preorder,,
Loving,76460,Texas,late 2025,preorder,,
Lipan,76462,Texas,late 2025,preorder,,
Mingus,76463,Texas,late 2025,preorder,,
Moran,76464,Texas,late 2025,preorder,,
Ranger,76470,Texas,late 2025,preorder,1716.0,8239.5
Rising Star,76471,Texas,late 2025,preorder,,
Sidney,76474,Texas,late 2025,preorder,,
Strawn,76475,Texas,late 2025,preorder,,
Tolar,76476,Texas,late 2025,preorder,,
South Bend,76481,Texas,late 2025,preorder,,
Throckmorton,76483,Texas,late 2025,preorder,1864.3,11095.8
Perrin,76486,Texas,late 2025,preorder,,
Poolville,76487,Texas,late 2025,preorder,,
Whitt,76490,Texas,late 2025,preorder,,
Woodson,76491,Texas,late 2025,preorder,,
Eddy,76524,Texas,late 2025,preorder,,
Evant,76525,Texas,late 2025,preorder,,
Granger,76530,Texas,late 2025,preorder,,
Hamilton,76531,Texas,late 2025,preorder,3395.6,19135.5
Jonesboro,76538,Texas,late 2025,preorder,,
Lampasas,76550,Texas,late 2025,preorder,,
Milano,76556,Texas,late 2025,preorder,384.3,3463.3
Oglesby,76561,Texas,late 2025,preorder,,
Purmela,76566,Texas,late 2025,preorder,,
Rosebud,76570,Texas,late 2025,preorder,,
Thorndale,76577,Texas,late 2025,preorder,,
Thrall,76578,Texas,late 2025,preorder,,
Gatesville,76596,Texas,late 2025,preorder,948.6,4643.9
Gatesville,76597,Texas,late 2025,preorder,,
Gatesville,76598,Texas,late 2025,preorder,,
Gatesville,76599,Texas,late 2025,preorder,,
Abbott,76621,Texas,late 2025,preorder,,
Aquilla,76622,Texas,late 2025,preorder,,
Axtell,76624,Texas,late 2025,preorder,,
Blooming Grove,76626,Texas,late 2025,preorder,108.5,762.6
Blum,76627,Texas,late 2025,preorder,,
Bremond,76629,Texas,late 2025,preorder,,
Bruceville,76630,Texas,late 2025,preorder,,
Bynum,76631,Texas,late 2025,preorder,,
Chilton,76632,Texas,late 2025,preorder,,
China Spring,76633,Texas,late 2025,preorder,,
Clifton,76634,Texas,late 2025,preorder,1242.8,9819.7
Coolidge,76635,Texas,late 2025,preorder,,
Covington,76636,Texas,late 2025,preorder,,
Cranfills Gap,76637,Texas,late 2025,preorder,,
Crawford,76638,Texas,late 2025,preorder,,
Dawson,76639,Texas,late 2025,preorder,,
Elm Mott,76640,Texas,late 2025,preorder,,
Frost,76641,Texas,late 2025,preorder,,
Groesbeck,76642,Texas,late 2025,preorder,,
Hewitt,76643,Texas,late 2025,preorder,,
Hillsboro,76645,Texas,late 2025,preorder,982.0,11584.8
Hubbard,76648,Texas,late 2025,preorder,982.0,11584.8
Iredell,76649,Texas,late 2025,preorder,,
Kopperl,76652,Texas,late 2025,preorder,,
Kosse,76653,Texas,late 2025,preorder,,
Lorena,76655,Texas,late 2025,preorder,,
Lott,76656,Texas,late 2025,preorder,,
Mc Gregor,76657,Texas,late 2025,preorder,,
Malone,76660,Texas,late 2025,preorder,982.0,11584.8
Marlin,76661,Texas,late 2025,preorder,,
Mart,76664,Texas,late 2025,preorder,,
Meridian,76665,Texas,late 2025,preorder,,
Mertens,76666,Texas,late 2025,preorder,,
Mexia,76667,Texas,late 2025,preorder,,
Milford,76670,Texas,late 2025,preorder,247.2,2741.4
Morgan,76671,Texas,late 2025,preorder,,
Mount Calm,76673,Texas,late 2025,preorder,,
Penelope,76676,Texas,late 2025,preorder,,
Prairie Hill,76678,Texas,late 2025,preorder,,
Purdon,76679,Texas,late 2025,preorder,,
Reagan,76680,Texas,late 2025,preorder,,
Richland,76681,Texas,late 2025,preorder,108.5,762.6
Riesel,76682,Texas,late 2025,preorder,,
Satin,76685,Texas,late 2025,preorder,,
Thornton,76687,Texas,late 2025,preorder,,
Valley Mills,76689,Texas,late 2025,preorder,,
Walnut Springs,76690,Texas,late 2025,preorder,,
West,76691,Texas,late 2025,preorder,,
Whitney,76692,Texas,late 2025,preorder,982.0,11584.8
Whitney,76692,Texas,late 2025,preorder,982.0,11584.8
Wortham,76693,Texas,late 2025,preorder,,
Waco,76701,Texas,late 2025,preorder,323.8,2342.5
Waco,76704,Texas,late 2025,preorder,323.8,2342.5
Waco,76705,Texas,late 2025,preorder,323.8,2342.5
Waco,76706,Texas,late 2025,preorder,323.8,2342.5
Waco,76707,Texas,late 2025,preorder,323.8,2342.5
Waco,76708,Texas,late 2025,preorder,323.8,2342.5
Waco,76710,Texas,late 2025,preorder,323.8,2342.5
Waco,76711,Texas,late 2025,preorder,323.8,2342.5
Woodway,76712,Texas,late 2025,preorder,323.8,2342.5
Waco,76797,Texas,late 2025,preorder,,
Waco,76798,Texas,late 2025,preorder,323.8,2342.5
Waco,76799,Texas,late 2025,preorder,,
Brownwood,76801,Texas,late 2025,preorder,988.1,6087.6
Early,76802,Texas,late 2025,preorder,988.1,6087.6
Art,76820,Texas,late 2025,preorder,,
Ballinger,76821,Texas,late 2025,preorder,916.0,6382.1
Bangs,76823,Texas,late 2025,preorder,,
Brady,76825,Texas,late 2025,preorder,,
Brookesmith,76827,Texas,late 2025,preorder,,
Burkett,76828,Texas,late 2025,preorder,,
Castell,76831,Texas,late 2025,preorder,,
Cherokee,76832,Texas,late 2025,preorder,,
Coleman,76834,Texas,late 2025,preorder,,
Doole,76836,Texas,late 2025,preorder,,
Eden,76837,Texas,late 2025,preorder,412.7,3406.6
Eden,76837,Texas,late 2025,preorder,412.7,3406.6
Fort Mc Kavett,76841,Texas,late 2025,preorder,,
Fredonia,76842,Texas,late 2025,preorder,,
Goldthwaite,76844,Texas,late 2025,preorder,,
Gouldbusk,76845,Texas,late 2025,preorder,,
Hext,76848,Texas,late 2025,preorder,,
Junction,76849,Texas,late 2025,preorder,390.7,4463.1
Lohn,76852,Texas,late 2025,preorder,,
Lometa,76853,Texas,late 2025,preorder,,
London,76854,Texas,late 2025,preorder,,
Mason,76856,Texas,late 2025,preorder,,
May,76857,Texas,late 2025,preorder,,
Melvin,76858,Texas,late 2025,preorder,,
Menard,76859,Texas,late 2025,preorder,749.4,8144.9
Menard,76859,Texas,late 2025,preorder,749.4,8144.9
Miles,76861,Texas,late 2025,preorder,,
Millersview,76862,Texas,late 2025,preorder,,
Mullin,76864,Texas,late 2025,preorder,,
Norton,76865,Texas,late 2025,preorder,,
Paint Rock,76866,Texas,late 2025,preorder,412.7,3406.6
Pontotoc,76869,Texas,late 2025,preorder,,
Priddy,76870,Texas,late 2025,preorder,,
Richland Springs,76871,Texas,late 2025,preorder,,
Rochelle,76872,Texas,late 2025,preorder,,
Rockwood,76873,Texas,late 2025,preorder,,
Roosevelt,76874,Texas,late 2025,preorder,,
Rowena,76875,Texas,late 2025,preorder,,
San Saba,76877,Texas,late 2025,preorder,,
Santa Anna,76878,Texas,late 2025,preorder,3616.2,25276.3
Talpa,76882,Texas,late 2025,preorder,,
Telegraph,76883,Texas,late 2025,preorder,,
Valera,76884,Texas,late 2025,preorder,,
Valley Spring,76885,Texas,late 2025,preorder,,
Voca,76887,Texas,late 2025,preorder,,
Zephyr,76890,Texas,late 2025,preorder,,
San Angelo,76901,Texas,late 2025,preorder,173.0,738.0
San Angelo,76902,Texas,late 2025,preorder,173.0,738.0
San Angelo,76903,Texas,late 2025,preorder,173.0,738.0
San Angelo,76904,Texas,late 2025,preorder,173.0,738.0
San Angelo,76905,Texas,late 2025,preorder,173.0,738.0
Goodfellow Afb,76908,Texas,late 2025,preorder,,
San Angelo,76909,Texas,late 2025,preorder,173.0,738.0
Big Lake,76932,Texas,late 2025,preorder,533.2,3492.1
Big Lake,76932,Texas,late 2025,preorder,533.2,3492.1
Bronte,76933,Texas,late 2025,preorder,313.4,2676.7
Carlsbad,76934,Texas,late 2025,preorder,,
Christoval,76935,Texas,late 2025,preorder,1075.1,8044.4
Eldorado,76936,Texas,late 2025,preorder,1075.1,8044.4
Eola,76937,Texas,late 2025,preorder,,
Mereta,76940,Texas,late 2025,preorder,,
Mertzon,76941,Texas,late 2025,preorder,,
Ozona,76943,Texas,late 2025,preorder,270.2,1650.1
Robert Lee,76945,Texas,late 2025,preorder,313.4,2676.7
Silver,76949,Texas,late 2025,preorder,,
Sonora,76950,Texas,late 2025,preorder,797.5,6116.1
Sterling City,76951,Texas,late 2025,preorder,,
Vancourt,76955,Texas,late 2025,preorder,,
Wall,76957,Texas,late 2025,preorder,,
Houston,77002,Texas,late 2025,preorder,48.9,288.9
Houston,77003,Texas,late 2025,preorder,48.9,288.9
Houston,77004,Texas,late 2025,preorder,48.9,288.9
Houston,77005,Texas,late 2025,preorder,48.9,288.9
Houston,77006,Texas,late 2025,preorder,48.9,288.9
Houston,77007,Texas,late 2025,preorder,48.9,288.9
Houston,77008,Texas,late 2025,preorder,48.9,288.9
Houston,77009,Texas,late 2025,preorder,48.9,288.9
Houston,77010,Texas,late 2025,preorder,48.9,288.9
Houston,77011,Texas,late 2025,preorder,48.9,288.9
Houston,77012,Texas,late 2025,preorder,48.9,288.9
Houston,77013,Texas,late 2025,preorder,48.9,288.9
Houston,77016,Texas,late 2025,preorder,48.9,288.9
Houston,77017,Texas,late 2025,preorder,48.9,288.9
Houston,77018,Texas,late 2025,preorder,48.9,288.9
Houston,77019,Texas,late 2025,preorder,48.9,288.9
Houston,77020,Texas,late 2025,preorder,48.9,288.9
Houston,77021,Texas,late 2025,preorder,48.9,288.9
Houston,77022,Texas,late 2025,preorder,48.9,288.9
Houston,77023,Texas,late 2025,preorder,48.9,288.9
Houston,77024,Texas,late 2025,preorder,48.9,288.9
Houston,77025,Texas,late 2025,preorder,48.9,288.9
Houston,77026,Texas,late 2025,preorder,48.9,288.9
Houston,77027,Texas,late 2025,preorder,48.9,288.9
Houston,77028,Texas,late 2025,preorder,48.9,288.9
Houston,77029,Texas,late 2025,preorder,48.9,288.9
Houston,77030,Texas,late 2025,preorder,48.9,288.9
Houston,77031,Texas,late 2025,preorder,48.9,288.9
Houston,77032,Texas,late 2025,preorder,48.9,288.9
Houston,77033,Texas,late 2025,preorder,48.9,288.9
Houston,77034,Texas,late 2025,preorder,48.9,288.9
Houston,77035,Texas,late 2025,preorder,48.9,288.9
Houston,77036,Texas,late 2025,preorder,48.9,288.9
Houston,77037,Texas,late 2025,preorder,48.9,288.9
Houston,77042,Texas,late 2025,preorder,48.9,288.9
Houston,77043,Texas,late 2025,preorder,48.9,288.9
Houston,77045,Texas,late 2025,preorder,48.9,288.9
Houston,77046,Texas,late 2025,preorder,48.9,288.9
Houston,77047,Texas,late 2025,preorder,48.9,288.9
Houston,77048,Texas,late 2025,preorder,48.9,288.9
Houston,77050,Texas,late 2025,preorder,48.9,288.9
Houston,77051,Texas,late 2025,preorder,48.9,288.9
Houston,77053,Texas,late 2025,preorder,20.4,106.9
Houston,77054,Texas,late 2025,preorder,48.9,288.9
Houston,77055,Texas,late 2025,preorder,48.9,288.9
Houston,77056,Texas,late 2025,preorder,48.9,288.9
Houston,77057,Texas,late 2025,preorder,48.9,288.9
Houston,77058,Texas,late 2025,preorder,48.9,288.9
Houston,77059,Texas,late 2025,preorder,48.9,288.9
Houston,77061,Texas,late 2025,preorder,48.9,288.9
Houston,77062,Texas,late 2025,preorder,48.9,288.9
Houston,77063,Texas,late 2025,preorder,48.9,288.9
Houston,77071,Texas,late 2025,preorder,48.9,288.9
Houston,77072,Texas,late 2025,preorder,48.9,288.9
Houston,77074,Texas,late 2025,preorder,48.9,288.9
Houston,77075,Texas,late 2025,preorder,48.9,288.9
Houston,77076,Texas,late 2025,preorder,48.9,288.9
Houston,77077,Texas,late 2025,preorder,48.9,288.9
Houston,77078,Texas,late 2025,preorder,48.9,288.9
Houston,77079,Texas,late 2025,preorder,48.9,288.9
Houston,77080,Texas,late 2025,preorder,48.9,288.9
Houston,77081,Texas,late 2025,preorder,48.9,288.9
Houston,77085,Texas,late 2025,preorder,48.9,288.9
Houston,77087,Texas,late 2025,preorder,48.9,288.9
Houston,77088,Texas,late 2025,preorder,48.9,288.9
Houston,77091,Texas,late 2025,preorder,48.9,288.9
Houston,77092,Texas,late 2025,preorder,48.9,288.9
Houston,77093,Texas,late 2025,preorder,48.9,288.9
Houston,77096,Texas,late 2025,preorder,48.9,288.9
Houston,77098,Texas,late 2025,preorder,48.9,288.9
Houston,77099,Texas,late 2025,preorder,48.9,288.9
Houston,77201,Texas,late 2025,preorder,,
Houston,77204,Texas,late 2025,preorder,,
Houston,77209,Texas,late 2025,preorder,,
Houston,77212,Texas,late 2025,preorder,,
Houston,77216,Texas,late 2025,preorder,,
Houston,77297,Texas,late 2025,preorder,,
Houston,77299,Texas,late 2025,preorder,,
Conroe,77301,Texas,late 2025,preorder,,
Conroe,77303,Texas,late 2025,preorder,,
Conroe,77304,Texas,late 2025,preorder,,
Conroe,77306,Texas,late 2025,preorder,,
North Houston,77315,Texas,late 2025,preorder,,
Willis,77318,Texas,late 2025,preorder,,
Huntsville,77320,Texas,late 2025,preorder,,
Cleveland,77327,Texas,late 2025,preorder,,
Cleveland,77328,Texas,late 2025,preorder,,
Coldspring,77331,Texas,late 2025,preorder,,
Goodrich,77335,Texas,late 2025,preorder,,
Huffman,77336,Texas,late 2025,preorder,,
Kingwood,77339,Texas,late 2025,preorder,,
Huntsville,77340,Texas,late 2025,preorder,,
Huntsville,77341,Texas,late 2025,preorder,,
Huntsville,77343,Texas,late 2025,preorder,,
Huntsville,77344,Texas,late 2025,preorder,,
Kingwood,77345,Texas,late 2025,preorder,,
Huntsville,77348,Texas,late 2025,preorder,,
Huntsville,77349,Texas,late 2025,preorder,,
Livingston,77351,Texas,late 2025,preorder,,
New Caney,77357,Texas,late 2025,preorder,,
New Waverly,77358,Texas,late 2025,preorder,,
Oakhurst,77359,Texas,late 2025,preorder,,
Onalaska,77360,Texas,late 2025,preorder,,
Plantersville,77363,Texas,late 2025,preorder,,
Pointblank,77364,Texas,late 2025,preorder,,
Shepherd,77371,Texas,late 2025,preorder,,
Splendora,77372,Texas,late 2025,preorder,,
Willis,77378,Texas,late 2025,preorder,,
Spring,77380,Texas,late 2025,preorder,59.2,391.9
Spring,77381,Texas,late 2025,preorder,59.2,391.9
Spring,77382,Texas,late 2025,preorder,59.2,391.9
Conroe,77384,Texas,late 2025,preorder,,
Livingston,77399,Texas,late 2025,preorder,,
Bellaire,77401,Texas,late 2025,preorder,48.9,288.9
Bay City,77414,Texas,late 2025,preorder,134.9,873.6
Bellville,77418,Texas,late 2025,preorder,,
Brazoria,77422,Texas,late 2025,preorder,81.2,662.5
Brazoria,77422,Texas,late 2025,preorder,81.2,662.5
Brookshire,77423,Texas,late 2025,preorder,231.3,1588.1
Chappell Hill,77426,Texas,late 2025,preorder,,
Eagle Lake,77434,Texas,late 2025,preorder,427.4,3681.0
Eagle Lake,77434,Texas,late 2025,preorder,427.4,3681.0
Egypt,77436,Texas,late 2025,preorder,45.2,333.5
El Campo,77437,Texas,late 2025,preorder,45.2,333.5
Garwood,77442,Texas,late 2025,preorder,,
Hempstead,77445,Texas,late 2025,preorder,,
Prairie View,77446,Texas,late 2025,preorder,231.3,1588.1
Louise,77455,Texas,late 2025,preorder,,
Palacios,77465,Texas,late 2025,preorder,134.9,873.6
Pledger,77468,Texas,late 2025,preorder,,
Stafford,77477,Texas,late 2025,preorder,20.4,106.9
Sweeny,77480,Texas,late 2025,preorder,,
Van Vleck,77482,Texas,late 2025,preorder,,
West Columbia,77486,Texas,late 2025,preorder,81.2,662.5
West Columbia,77486,Texas,late 2025,preorder,81.2,662.5
Wharton,77488,Texas,late 2025,preorder,45.2,333.5
Missouri City,77489,Texas,late 2025,preorder,,
Pasadena,77502,Texas,late 2025,preorder,48.9,288.9
Pasadena,77503,Texas,late 2025,preorder,48.9,288.9
Pasadena,77504,Texas,late 2025,preorder,48.9,288.9
Pasadena,77505,Texas,late 2025,preorder,48.9,288.9
Pasadena,77506,Texas,late 2025,preorder,48.9,288.9
Pasadena,77507,Texas,late 2025,preorder,48.9,288.9
Santa Fe,77510,Texas,late 2025,preorder,,
Anahuac,77514,Texas,late 2025,preorder,,
Angleton,77515,Texas,late 2025,preorder,81.2,662.5
Angleton,77515,Texas,late 2025,preorder,81.2,662.5
Santa Fe,77517,Texas,late 2025,preorder,,
Bacliff,77518,Texas,late 2025,preorder,89.4,640.1
Batson,77519,Texas,late 2025,preorder,,
Baytown,77520,Texas,late 2025,preorder,48.9,288.9
Baytown,77523,Texas,late 2025,preorder,60.1,382.0
Clute,77531,Texas,late 2025,preorder,81.2,662.5
Danbury,77534,Texas,late 2025,preorder,,
Dayton,77535,Texas,late 2025,preorder,,
Deer Park,77536,Texas,late 2025,preorder,48.9,288.9
Devers,77538,Texas,late 2025,preorder,,
Dickinson,77539,Texas,late 2025,preorder,89.4,640.1
Dickinson,77539,Texas,late 2025,preorder,89.4,640.1
Freeport,77541,Texas,late 2025,preorder,81.2,662.5
Friendswood,77546,Texas,late 2025,preorder,,
Galena Park,77547,Texas,late 2025,preorder,48.9,288.9
Galveston,77550,Texas,late 2025,preorder,89.4,640.1
Galveston,77551,Texas,late 2025,preorder,89.4,640.1
Galveston,77554,Texas,late 2025,preorder,89.4,640.1
Galveston,77555,Texas,late 2025,preorder,89.4,640.1
Hankamer,77560,Texas,late 2025,preorder,,
Hitchcock,77563,Texas,late 2025,preorder,89.4,640.1
Hull,77564,Texas,late 2025,preorder,,
Kemah,77565,Texas,late 2025,preorder,89.4,640.1
Lake Jackson,77566,Texas,late 2025,preorder,81.2,662.5
La Marque,77568,Texas,late 2025,preorder,89.4,640.1
La Marque,77568,Texas,late 2025,preorder,89.4,640.1
La Porte,77571,Texas,late 2025,preorder,48.9,288.9
League City,77573,Texas,late 2025,preorder,89.4,640.1
League City,77573,Texas,late 2025,preorder,89.4,640.1
Liberty,77575,Texas,late 2025,preorder,,
Liverpool,77577,Texas,late 2025,preorder,81.2,662.5
Manvel,77578,Texas,late 2025,preorder,,
Pearland,77581,Texas,late 2025,preorder,81.2,662.5
Pearland,77581,Texas,late 2025,preorder,81.2,662.5
Pearland,77584,Texas,late 2025,preorder,81.2,662.5
Saratoga,77585,Texas,late 2025,preorder,,
Seabrook,77586,Texas,late 2025,preorder,48.9,288.9
South Houston,77587,Texas,late 2025,preorder,48.9,288.9
Texas City,77590,Texas,late 2025,preorder,89.4,640.1
Texas City,77591,Texas,late 2025,preorder,89.4,640.1
Texas City,77591,Texas,late 2025,preorder,89.4,640.1
Wallisville,77597,Texas,late 2025,preorder,,
Webster,77598,Texas,late 2025,preorder,48.9,288.9
Bridge City,77611,Texas,late 2025,preorder,,
Buna,77612,Texas,late 2025,preorder,,
Fred,77616,Texas,late 2025,preorder,,
Groves,77619,Texas,late 2025,preorder,,
Hamshire,77622,Texas,late 2025,preorder,,
Hillister,77624,Texas,late 2025,preorder,,
Kountze,77625,Texas,late 2025,preorder,,
Nederland,77627,Texas,late 2025,preorder,,
Orange,77630,Texas,late 2025,preorder,,
Orange,77632,Texas,late 2025,preorder,,
Port Arthur,77640,Texas,late 2025,preorder,,
Port Arthur,77642,Texas,late 2025,preorder,,
Port Neches,77651,Texas,late 2025,preorder,,
Sabine Pass,77655,Texas,late 2025,preorder,,
Silsbee,77656,Texas,late 2025,preorder,,
Sour Lake,77659,Texas,late 2025,preorder,,
Spurger,77660,Texas,late 2025,preorder,,
Vidor,77662,Texas,late 2025,preorder,,
Warren,77664,Texas,late 2025,preorder,,
Winnie,77665,Texas,late 2025,preorder,,
Beaumont,77701,Texas,late 2025,preorder,,
Beaumont,77702,Texas,late 2025,preorder,,
Beaumont,77703,Texas,late 2025,preorder,,
Beaumont,77705,Texas,late 2025,preorder,,
Beaumont,77706,Texas,late 2025,preorder,,
Beaumont,77707,Texas,late 2025,preorder,,
Beaumont,77708,Texas,late 2025,preorder,,
Beaumont,77713,Texas,late 2025,preorder,,
Bryan,77801,Texas,late 2025,preorder,,
Bryan,77802,Texas,late 2025,preorder,,
Bryan,77803,Texas,late 2025,preorder,,
Bryan,77807,Texas,late 2025,preorder,,
Bryan,77808,Texas,late 2025,preorder,,
Anderson,77830,Texas,late 2025,preorder,,
Bedias,77831,Texas,late 2025,preorder,,
Brenham,77833,Texas,late 2025,preorder,,
Burton,77835,Texas,late 2025,preorder,,
Caldwell,77836,Texas,late 2025,preorder,,
Calvert,77837,Texas,late 2025,preorder,,
College Station,77840,Texas,late 2025,preorder,,
College Station,77843,Texas,late 2025,preorder,,
College Station,77845,Texas,late 2025,preorder,,
Dime Box,77853,Texas,late 2025,preorder,,
Franklin,77856,Texas,late 2025,preorder,,
Hearne,77859,Texas,late 2025,preorder,,
Iola,77861,Texas,late 2025,preorder,,
Madisonville,77864,Texas,late 2025,preorder,,
Marquez,77865,Texas,late 2025,preorder,,
Navasota,77868,Texas,late 2025,preorder,,
Normangee,77871,Texas,late 2025,preorder,,
North Zulch,77872,Texas,late 2025,preorder,,
Richards,77873,Texas,late 2025,preorder,,
Somerville,77879,Texas,late 2025,preorder,,
Washington,77880,Texas,late 2025,preorder,,
Victoria,77901,Texas,late 2025,preorder,123.8,1185.6
Victoria,77904,Texas,late 2025,preorder,123.8,1185.6
Victoria,77905,Texas,late 2025,preorder,123.8,1185.6
Austwell,77950,Texas,late 2025,preorder,156.3,1615.9
Cuero,77954,Texas,late 2025,preorder,,
Edna,77957,Texas,late 2025,preorder,673.8,7067.5
Ganado,77962,Texas,late 2025,preorder,,
Goliad,77963,Texas,late 2025,preorder,1147.5,5719.9
Hallettsville,77964,Texas,late 2025,preorder,,
Inez,77968,Texas,late 2025,preorder,,
Lolita,77971,Texas,late 2025,preorder,,
Meyersville,77974,Texas,late 2025,preorder,,
Moulton,77975,Texas,late 2025,preorder,,
Port Lavaca,77979,Texas,late 2025,preorder,279.5,1661.7
Seadrift,77983,Texas,late 2025,preorder,279.5,1661.7
Shiner,77984,Texas,late 2025,preorder,,
Tivoli,77990,Texas,late 2025,preorder,491.6,2959.0
Westhoff,77994,Texas,late 2025,preorder,,
Yoakum,77995,Texas,late 2025,preorder,,
Atascosa,78002,Texas,late 2025,preorder,,
Bandera,78003,Texas,late 2025,preorder,,
Bigfoot,78005,Texas,late 2025,preorder,,
Boerne,78006,Texas,late 2025,preorder,,
Calliham,78007,Texas,late 2025,preorder,,
Campbellton,78008,Texas,late 2025,preorder,,
Castroville,78009,Texas,late 2025,preorder,,
Center Point,78010,Texas,late 2025,preorder,,
Charlotte,78011,Texas,late 2025,preorder,,
Christine,78012,Texas,late 2025,preorder,,
Comfort,78013,Texas,late 2025,preorder,,
Cotulla,78014,Texas,late 2025,preorder,524.0,3824.4
Boerne,78015,Texas,late 2025,preorder,,
Devine,78016,Texas,late 2025,preorder,370.3,3637.9
Dilley,78017,Texas,late 2025,preorder,309.2,2658.4
George West,78022,Texas,late 2025,preorder,378.6,2970.2
Helotes,78023,Texas,late 2025,preorder,,
Hunt,78024,Texas,late 2025,preorder,,
Ingram,78025,Texas,late 2025,preorder,,
Jourdanton,78026,Texas,late 2025,preorder,1741.7,5482.7
Kendalia,78027,Texas,late 2025,preorder,,
Kerrville,78028,Texas,late 2025,preorder,,
La Coste,78039,Texas,late 2025,preorder,,
Laredo,78040,Texas,late 2025,preorder,210.7,1711.9
Laredo,78041,Texas,late 2025,preorder,210.7,1711.9
Laredo,78043,Texas,late 2025,preorder,210.7,1711.9
Laredo,78045,Texas,late 2025,preorder,210.7,1711.9
Laredo,78046,Texas,late 2025,preorder,210.7,1711.9
Lytle,78052,Texas,late 2025,preorder,1741.7,5482.7
Medina,78055,Texas,late 2025,preorder,,
Mico,78056,Texas,late 2025,preorder,,
Moore,78057,Texas,late 2025,preorder,,
Mountain Home,78058,Texas,late 2025,preorder,,
Natalia,78059,Texas,late 2025,preorder,,
Pearsall,78061,Texas,late 2025,preorder,309.2,2658.4
Pipe Creek,78063,Texas,late 2025,preorder,,
Pleasanton,78064,Texas,late 2025,preorder,1741.7,5482.7
Poteet,78065,Texas,late 2025,preorder,,
Rio Medina,78066,Texas,late 2025,preorder,,
San Ygnacio,78067,Texas,late 2025,preorder,,
Somerset,78069,Texas,late 2025,preorder,,
Spring Branch,78070,Texas,late 2025,preorder,,
Three Rivers,78071,Texas,late 2025,preorder,378.6,2970.2
Tilden,78072,Texas,late 2025,preorder,,
Von Ormy,78073,Texas,late 2025,preorder,,
Zapata,78076,Texas,late 2025,preorder,513.9,3096.9
Adkins,78101,Texas,late 2025,preorder,,
Beeville,78102,Texas,late 2025,preorder,241.9,1213.2
Beeville,78104,Texas,late 2025,preorder,241.9,1213.2
Cibolo,78108,Texas,late 2025,preorder,,
Converse,78109,Texas,late 2025,preorder,,
Ecleto,78111,Texas,late 2025,preorder,,
Elmendorf,78112,Texas,late 2025,preorder,,
Falls City,78113,Texas,late 2025,preorder,,
Floresville,78114,Texas,late 2025,preorder,,
Gillett,78116,Texas,late 2025,preorder,,
Karnes City,78118,Texas,late 2025,preorder,1161.1,7328.6
Kenedy,78119,Texas,late 2025,preorder,1161.1,7328.6
La Vernia,78121,Texas,late 2025,preorder,,
Leesville,78122,Texas,late 2025,preorder,,
Mc Queeney,78123,Texas,late 2025,preorder,,
Marion,78124,Texas,late 2025,preorder,,
New Braunfels,78130,Texas,late 2025,preorder,,
Canyon Lake,78133,Texas,late 2025,preorder,,
Nixon,78140,Texas,late 2025,preorder,,
Nordheim,78141,Texas,late 2025,preorder,,
Universal City,78148,Texas,late 2025,preorder,,
Jbsa Randolph,78150,Texas,late 2025,preorder,,
Runge,78151,Texas,late 2025,preorder,,
Saint Hedwig,78152,Texas,late 2025,preorder,,
Schertz,78154,Texas,late 2025,preorder,,
Seguin,78155,Texas,late 2025,preorder,,
Smiley,78159,Texas,late 2025,preorder,,
Stockdale,78160,Texas,late 2025,preorder,,
Sutherland Springs,78161,Texas,late 2025,preorder,,
Tuleta,78162,Texas,late 2025,preorder,241.9,1213.2
Yorktown,78164,Texas,late 2025,preorder,394.9,3220.3
Jbsa Ft Sam Houston,78234,Texas,late 2025,preorder,,
Jbsa Lackland,78236,Texas,late 2025,preorder,,
Agua Dulce,78330,Texas,late 2025,preorder,,
Alice,78332,Texas,late 2025,preorder,681.2,5713.9
Aransas Pass,78336,Texas,late 2025,preorder,228.6,880.5
Bayside,78340,Texas,late 2025,preorder,,
Bishop,78343,Texas,late 2025,preorder,294.6,2530.3
Bruni,78344,Texas,late 2025,preorder,,
Concepcion,78349,Texas,late 2025,preorder,,
Encino,78353,Texas,late 2025,preorder,,
Falfurrias,78355,Texas,late 2025,preorder,566.6,4250.0
Freer,78357,Texas,late 2025,preorder,1737.6,7673.4
Fulton,78358,Texas,late 2025,preorder,156.3,1615.9
Guerra,78360,Texas,late 2025,preorder,,
Hebbronville,78361,Texas,late 2025,preorder,405.5,4326.3
Ingleside,78362,Texas,late 2025,preorder,228.6,880.5
Kingsville,78363,Texas,late 2025,preorder,908.0,4635.1
Mathis,78368,Texas,late 2025,preorder,228.6,880.5
Odem,78370,Texas,late 2025,preorder,228.6,880.5
Orange Grove,78372,Texas,late 2025,preorder,681.2,5713.9
Port Aransas,78373,Texas,late 2025,preorder,294.6,2530.3
Portland,78374,Texas,late 2025,preorder,228.6,880.5
Premont,78375,Texas,late 2025,preorder,681.2,5713.9
Realitos,78376,Texas,late 2025,preorder,,
Refugio,78377,Texas,late 2025,preorder,491.6,2959.0
Riviera,78379,Texas,late 2025,preorder,908.0,4635.1
Robstown,78380,Texas,late 2025,preorder,,
Rockport,78382,Texas,late 2025,preorder,156.3,1615.9
Sandia,78383,Texas,late 2025,preorder,378.6,2970.2
San Diego,78384,Texas,late 2025,preorder,,
Sinton,78387,Texas,late 2025,preorder,228.6,880.5
Skidmore,78389,Texas,late 2025,preorder,,
Taft,78390,Texas,late 2025,preorder,228.6,880.5
Tynan,78391,Texas,late 2025,preorder,,
Woodsboro,78393,Texas,late 2025,preorder,,
Corpus Christi,78401,Texas,late 2025,preorder,294.6,2530.3
Corpus Christi,78402,Texas,late 2025,preorder,294.6,2530.3
Corpus Christi,78404,Texas,late 2025,preorder,294.6,2530.3
Corpus Christi,78405,Texas,late 2025,preorder,294.6,2530.3
Corpus Christi,78406,Texas,late 2025,preorder,294.6,2530.3
Corpus Christi,78407,Texas,late 2025,preorder,294.6,2530.3
Corpus Christi,78408,Texas,late 2025,preorder,294.6,2530.3
Corpus Christi,78409,Texas,late 2025,preorder,294.6,2530.3
Corpus Christi,78410,Texas,late 2025,preorder,294.6,2530.3
Corpus Christi,78411,Texas,late 2025,preorder,294.6,2530.3
Corpus Christi,78412,Texas,late 2025,preorder,294.6,2530.3
Corpus Christi,78413,Texas,late 2025,preorder,294.6,2530.3
Corpus Christi,78414,Texas,late 2025,preorder,294.6,2530.3
Corpus Christi,78415,Texas,late 2025,preorder,294.6,2530.3
Corpus Christi,78416,Texas,late 2025,preorder,294.6,2530.3
Corpus Christi,78417,Texas,late 2025,preorder,294.6,2530.3
Corpus Christi,78418,Texas,late 2025,preorder,908.0,4635.1
Corpus Christi,78419,Texas,late 2025,preorder,294.6,2530.3
Mcallen,78501,Texas,late 2025,preorder,,
Mcallen,78503,Texas,late 2025,preorder,,
Mcallen,78504,Texas,late 2025,preorder,,
Alamo,78516,Texas,late 2025,preorder,39.6,238.8
Brownsville,78520,Texas,late 2025,preorder,,
Brownsville,78521,Texas,late 2025,preorder,,
Brownsville,78526,Texas,late 2025,preorder,,
Delmita,78536,Texas,late 2025,preorder,,
Donna,78537,Texas,late 2025,preorder,39.6,238.8
Edcouch,78538,Texas,late 2025,preorder,,
Edinburg,78539,Texas,late 2025,preorder,39.6,238.8
Edinburg,78540,Texas,late 2025,preorder,39.6,238.8
Edinburg,78541,Texas,late 2025,preorder,39.6,238.8
Edinburg,78542,Texas,late 2025,preorder,39.6,238.8
Harlingen,78550,Texas,late 2025,preorder,54.5,353.1
Harlingen,78552,Texas,late 2025,preorder,54.5,353.1
Hidalgo,78557,Texas,late 2025,preorder,39.6,238.8
La Feria,78559,Texas,late 2025,preorder,54.5,353.1
La Joya,78560,Texas,late 2025,preorder,,
Linn,78563,Texas,late 2025,preorder,,
Lopeno,78564,Texas,late 2025,preorder,,
Los Fresnos,78566,Texas,late 2025,preorder,54.5,353.1
Lyford,78569,Texas,late 2025,preorder,,
Mercedes,78570,Texas,late 2025,preorder,39.6,238.8
Mission,78572,Texas,late 2025,preorder,39.6,238.8
Mission,78572,Texas,late 2025,preorder,39.6,238.8
Mission,78573,Texas,late 2025,preorder,39.6,238.8
Mission,78574,Texas,late 2025,preorder,39.6,238.8
Olmito,78575,Texas,late 2025,preorder,,
Penitas,78576,Texas,late 2025,preorder,39.6,238.8
Pharr,78577,Texas,late 2025,preorder,39.6,238.8
Port Isabel,78578,Texas,late 2025,preorder,54.5,353.1
Raymondville,78580,Texas,late 2025,preorder,286.3,2593.8
Rio Grande City,78582,Texas,late 2025,preorder,371.6,3570.9
Rio Hondo,78583,Texas,late 2025,preorder,54.5,353.1
Roma,78584,Texas,late 2025,preorder,371.6,3570.9
San Benito,78586,Texas,late 2025,preorder,54.5,353.1
San Isidro,78588,Texas,late 2025,preorder,,
San Juan,78589,Texas,late 2025,preorder,39.6,238.8
Santa Elena,78591,Texas,late 2025,preorder,,
Santa Rosa,78593,Texas,late 2025,preorder,,
Sullivan City,78595,Texas,late 2025,preorder,,
Weslaco,78596,Texas,late 2025,preorder,39.6,238.8
South Padre Island,78597,Texas,late 2025,preorder,54.5,353.1
Port Mansfield,78598,Texas,late 2025,preorder,286.3,2593.8
Weslaco,78599,Texas,late 2025,preorder,39.6,238.8
Bertram,78605,Texas,late 2025,preorder,,
Blanco,78606,Texas,late 2025,preorder,,
Bluffton,78607,Texas,late 2025,preorder,,
Briggs,78608,Texas,late 2025,preorder,,
Buchanan Dam,78609,Texas,late 2025,preorder,,
Buda,78610,Texas,late 2025,preorder,,
Burnet,78611,Texas,late 2025,preorder,,
Cedar Park,78613,Texas,late 2025,preorder,,
Cost,78614,Texas,late 2025,preorder,,
Coupland,78615,Texas,late 2025,preorder,,
Dale,78616,Texas,late 2025,preorder,,
Doss,78618,Texas,late 2025,preorder,,
Driftwood,78619,Texas,late 2025,preorder,,
Dripping Springs,78620,Texas,late 2025,preorder,,
Fischer,78623,Texas,late 2025,preorder,,
Gonzales,78629,Texas,late 2025,preorder,,
Harper,78631,Texas,late 2025,preorder,,
Harwood,78632,Texas,late 2025,preorder,,
Hye,78635,Texas,late 2025,preorder,,
Johnson City,78636,Texas,late 2025,preorder,,
Kingsbury,78638,Texas,late 2025,preorder,,
Kingsland,78639,Texas,late 2025,preorder,,
Kyle,78640,Texas,late 2025,preorder,,
Leander,78641,Texas,late 2025,preorder,,
Liberty Hill,78642,Texas,late 2025,preorder,,
Llano,78643,Texas,late 2025,preorder,,
Lockhart,78644,Texas,late 2025,preorder,,
Leander,78645,Texas,late 2025,preorder,,
Luling,78648,Texas,late 2025,preorder,,
Manchaca,78652,Texas,late 2025,preorder,,
Marble Falls,78654,Texas,late 2025,preorder,,
Martindale,78655,Texas,late 2025,preorder,,
Maxwell,78656,Texas,late 2025,preorder,,
Horseshoe Bay,78657,Texas,late 2025,preorder,,
Round Mountain,78663,Texas,late 2025,preorder,,
San Marcos,78666,Texas,late 2025,preorder,,
Spicewood,78669,Texas,late 2025,preorder,,
Stonewall,78671,Texas,late 2025,preorder,,
Tow,78672,Texas,late 2025,preorder,,
Wimberley,78676,Texas,late 2025,preorder,,
Uvalde,78801,Texas,late 2025,preorder,234.8,2214.2
Asherton,78827,Texas,late 2025,preorder,,
Barksdale,78828,Texas,late 2025,preorder,475.0,9289.8
Batesville,78829,Texas,late 2025,preorder,,
Big Wells,78830,Texas,late 2025,preorder,,
Brackettville,78832,Texas,late 2025,preorder,249.2,3130.8
Camp Wood,78833,Texas,late 2025,preorder,,
Carrizo Springs,78834,Texas,late 2025,preorder,154.6,1859.9
Comstock,78837,Texas,late 2025,preorder,156.7,1097.5
Concan,78838,Texas,late 2025,preorder,,
Crystal City,78839,Texas,late 2025,preorder,339.6,1827.2
Del Rio,78840,Texas,late 2025,preorder,156.7,1097.5
Del Rio,78841,Texas,late 2025,preorder,156.7,1097.5
Laughlin Afb,78843,Texas,late 2025,preorder,,
Del Rio,78847,Texas,late 2025,preorder,,
D Hanis,78850,Texas,late 2025,preorder,,
Eagle Pass,78852,Texas,late 2025,preorder,121.8,771.0
Hondo,78861,Texas,late 2025,preorder,,
Knippa,78870,Texas,late 2025,preorder,,
Leakey,78873,Texas,late 2025,preorder,475.0,9289.8
Quemado,78877,Texas,late 2025,preorder,,
Rio Frio,78879,Texas,late 2025,preorder,,
Rocksprings,78880,Texas,late 2025,preorder,818.8,5118.7
Sabinal,78881,Texas,late 2025,preorder,234.8,2214.2
Tarpley,78883,Texas,late 2025,preorder,,
Utopia,78884,Texas,late 2025,preorder,,
Vanderpool,78885,Texas,late 2025,preorder,,
Yancey,78886,Texas,late 2025,preorder,,
Bleiblerville,78931,Texas,late 2025,preorder,,
Carmine,78932,Texas,late 2025,preorder,,
Cat Spring,78933,Texas,late 2025,preorder,,
Columbus,78934,Texas,late 2025,preorder,427.4,3681.0
Ellinger,78938,Texas,late 2025,preorder,,
Fayetteville,78940,Texas,late 2025,preorder,,
Flatonia,78941,Texas,late 2025,preorder,,
Giddings,78942,Texas,late 2025,preorder,,
Industry,78944,Texas,late 2025,preorder,,
La Grange,78945,Texas,late 2025,preorder,,
Ledbetter,78946,Texas,late 2025,preorder,,
Lexington,78947,Texas,late 2025,preorder,,
Lincoln,78948,Texas,late 2025,preorder,,
New Ulm,78950,Texas,late 2025,preorder,,
Round Top,78954,Texas,late 2025,preorder,,
Schulenburg,78956,Texas,late 2025,preorder,,
Waelder,78959,Texas,late 2025,preorder,,
Weimar,78962,Texas,late 2025,preorder,,
West Point,78963,Texas,late 2025,preorder,,
Adrian,79001,Texas,late 2025,preorder,,
Booker,79005,Texas,late 2025,preorder,,
Borger,79007,Texas,late 2025,preorder,,
Bovina,79009,Texas,late 2025,preorder,,
Briscoe,79011,Texas,late 2025,preorder,,
Cactus,79013,Texas,late 2025,preorder,,
Canadian,79014,Texas,late 2025,preorder,,
Canyon,79015,Texas,late 2025,preorder,,
Canyon,79016,Texas,late 2025,preorder,,
Channing,79018,Texas,late 2025,preorder,,
Claude,79019,Texas,late 2025,preorder,,
Dalhart,79022,Texas,late 2025,preorder,,
Dimmitt,79027,Texas,late 2025,preorder,,
Dumas,79029,Texas,late 2025,preorder,,
Earth,79031,Texas,late 2025,preorder,,
Follett,79034,Texas,late 2025,preorder,,
Friona,79035,Texas,late 2025,preorder,,
Fritch,79036,Texas,late 2025,preorder,,
Groom,79039,Texas,late 2025,preorder,,
Gruver,79040,Texas,late 2025,preorder,,
Hale Center,79041,Texas,late 2025,preorder,,
Happy,79042,Texas,late 2025,preorder,,
Hart,79043,Texas,late 2025,preorder,,
Hartley,79044,Texas,late 2025,preorder,,
Hereford,79045,Texas,late 2025,preorder,,
Higgins,79046,Texas,late 2025,preorder,,
Kress,79052,Texas,late 2025,preorder,,
Lipscomb,79056,Texas,late 2025,preorder,,
Mclean,79057,Texas,late 2025,preorder,,
Miami,79059,Texas,late 2025,preorder,,
Mobeetie,79061,Texas,late 2025,preorder,,
Morse,79062,Texas,late 2025,preorder,,
Nazareth,79063,Texas,late 2025,preorder,,
Olton,79064,Texas,late 2025,preorder,,
Pampa,79065,Texas,late 2025,preorder,,
Panhandle,79068,Texas,late 2025,preorder,,
Perryton,79070,Texas,late 2025,preorder,,
Plainview,79072,Texas,late 2025,preorder,,
Shamrock,79079,Texas,late 2025,preorder,1805.5,11388.1
Skellytown,79080,Texas,late 2025,preorder,,
Spearman,79081,Texas,late 2025,preorder,,
Springlake,79082,Texas,late 2025,preorder,,
Stinnett,79083,Texas,late 2025,preorder,,
Stratford,79084,Texas,late 2025,preorder,,
Sunray,79086,Texas,late 2025,preorder,,
Texline,79087,Texas,late 2025,preorder,,
Tulia,79088,Texas,late 2025,preorder,,
Vega,79092,Texas,late 2025,preorder,,
Wellington,79095,Texas,late 2025,preorder,1303.9,8527.1
Wheeler,79096,Texas,late 2025,preorder,,
White Deer,79097,Texas,late 2025,preorder,,
Wildorado,79098,Texas,late 2025,preorder,,
Amarillo,79101,Texas,late 2025,preorder,,
Amarillo,79102,Texas,late 2025,preorder,,
Amarillo,79103,Texas,late 2025,preorder,,
Amarillo,79104,Texas,late 2025,preorder,,
Amarillo,79106,Texas,late 2025,preorder,,
Amarillo,79107,Texas,late 2025,preorder,,
Amarillo,79108,Texas,late 2025,preorder,,
Amarillo,79109,Texas,late 2025,preorder,,
Amarillo,79110,Texas,late 2025,preorder,,
Amarillo,79111,Texas,late 2025,preorder,,
Amarillo,79118,Texas,late 2025,preorder,,
Amarillo,79119,Texas,late 2025,preorder,,
Amarillo,79121,Texas,late 2025,preorder,,
Amarillo,79124,Texas,late 2025,preorder,,
Amarillo,79166,Texas,late 2025,preorder,,
Amarillo,79168,Texas,late 2025,preorder,,
Amarillo,79172,Texas,late 2025,preorder,,
Amarillo,79174,Texas,late 2025,preorder,,
Amarillo,79178,Texas,late 2025,preorder,,
Amarillo,79185,Texas,late 2025,preorder,,
Childress,79201,Texas,late 2025,preorder,1030.8,9188.0
Chillicothe,79225,Texas,late 2025,preorder,,
Clarendon,79226,Texas,late 2025,preorder,2443.2,12294.3
Crowell,79227,Texas,late 2025,preorder,678.4,11129.7
Dickens,79229,Texas,late 2025,preorder,2288.0,16474.4
Dodson,79230,Texas,late 2025,preorder,,
Floydada,79235,Texas,late 2025,preorder,,
Hedley,79237,Texas,late 2025,preorder,,
Lakeview,79239,Texas,late 2025,preorder,,
Lockney,79241,Texas,late 2025,preorder,,
Mcadoo,79243,Texas,late 2025,preorder,,
Matador,79244,Texas,late 2025,preorder,,
Memphis,79245,Texas,late 2025,preorder,1014.0,12804.8
Paducah,79248,Texas,late 2025,preorder,1947.0,18225.6
Petersburg,79250,Texas,late 2025,preorder,,
Quail,79251,Texas,late 2025,preorder,,
Quanah,79252,Texas,late 2025,preorder,932.7,8379.4
Quitaque,79255,Texas,late 2025,preorder,,
Roaring Springs,79256,Texas,late 2025,preorder,,
Silverton,79257,Texas,late 2025,preorder,,
Tell,79259,Texas,late 2025,preorder,,
Turkey,79261,Texas,late 2025,preorder,,
Abernathy,79311,Texas,late 2025,preorder,,
Amherst,79312,Texas,late 2025,preorder,,
Anton,79313,Texas,late 2025,preorder,,
Brownfield,79316,Texas,late 2025,preorder,,
Crosbyton,79322,Texas,late 2025,preorder,,
Denver City,79323,Texas,late 2025,preorder,,
Enochs,79324,Texas,late 2025,preorder,,
Farwell,79325,Texas,late 2025,preorder,,
Idalou,79329,Texas,late 2025,preorder,,
Lamesa,79331,Texas,late 2025,preorder,287.8,3625.1
Levelland,79336,Texas,late 2025,preorder,,
Littlefield,79339,Texas,late 2025,preorder,,
Loop,79342,Texas,late 2025,preorder,,
Lorenzo,79343,Texas,late 2025,preorder,,
Meadow,79345,Texas,late 2025,preorder,,
Morton,79346,Texas,late 2025,preorder,,
Muleshoe,79347,Texas,late 2025,preorder,,
Odonnell,79351,Texas,late 2025,preorder,,
Pep,79353,Texas,late 2025,preorder,,
Plains,79355,Texas,late 2025,preorder,,
Post,79356,Texas,late 2025,preorder,,
Ralls,79357,Texas,late 2025,preorder,,
Ropesville,79358,Texas,late 2025,preorder,,
Seagraves,79359,Texas,late 2025,preorder,,
Seminole,79360,Texas,late 2025,preorder,,
Shallowater,79363,Texas,late 2025,preorder,,
Slaton,79364,Texas,late 2025,preorder,,
Spur,79370,Texas,late 2025,preorder,2288.0,16474.4
Sudan,79371,Texas,late 2025,preorder,,
Tahoka,79373,Texas,late 2025,preorder,,
Welch,79377,Texas,late 2025,preorder,,
Wilson,79381,Texas,late 2025,preorder,,
Wolfforth,79382,Texas,late 2025,preorder,,
Lubbock,79401,Texas,late 2025,preorder,,
Lubbock,79402,Texas,late 2025,preorder,,
Lubbock,79403,Texas,late 2025,preorder,,
Lubbock,79404,Texas,late 2025,preorder,,
Lubbock,79406,Texas,late 2025,preorder,,
Lubbock,79407,Texas,late 2025,preorder,,
Lubbock,79409,Texas,late 2025,preorder,,
Lubbock,79410,Texas,late 2025,preorder,,
Lubbock,79411,Texas,late 2025,preorder,,
Lubbock,79412,Texas,late 2025,preorder,,
Lubbock,79413,Texas,late 2025,preorder,,
Lubbock,79414,Texas,late 2025,preorder,,
Lubbock,79415,Texas,late 2025,preorder,,
Lubbock,79416,Texas,late 2025,preorder,,
Lubbock,79423,Texas,late 2025,preorder,,
Lubbock,79424,Texas,late 2025,preorder,,
Lubbock,79430,Texas,late 2025,preorder,,
Lubbock,79457,Texas,late 2025,preorder,,
Lubbock,79491,Texas,late 2025,preorder,,
Anson,79501,Texas,late 2025,preorder,1066.4,10885.8
Aspermont,79502,Texas,late 2025,preorder,1169.0,11070.9
Baird,79504,Texas,late 2025,preorder,1672.4,12181.9
Benjamin,79505,Texas,late 2025,preorder,,
Blackwell,79506,Texas,late 2025,preorder,,
Buffalo Gap,79508,Texas,late 2025,preorder,,
Clyde,79510,Texas,late 2025,preorder,1672.4,12181.9
Coahoma,79511,Texas,late 2025,preorder,,
Colorado City,79512,Texas,late 2025,preorder,191.3,2560.6
Fluvanna,79517,Texas,late 2025,preorder,,
Girard,79518,Texas,late 2025,preorder,,
Goldsboro,79519,Texas,late 2025,preorder,,
Hamlin,79520,Texas,late 2025,preorder,1066.4,10885.8
Haskell,79521,Texas,late 2025,preorder,743.6,4371.5
Hawley,79525,Texas,late 2025,preorder,,
Hermleigh,79526,Texas,late 2025,preorder,,
Ira,79527,Texas,late 2025,preorder,,
Jayton,79528,Texas,late 2025,preorder,,
Knox City,79529,Texas,late 2025,preorder,860.8,6538.9
Lawn,79530,Texas,late 2025,preorder,,
Loraine,79532,Texas,late 2025,preorder,,
Lueders,79533,Texas,late 2025,preorder,,
Mc Caulley,79534,Texas,late 2025,preorder,,
Maryneal,79535,Texas,late 2025,preorder,,
Merkel,79536,Texas,late 2025,preorder,500.5,4867.8
Nolan,79537,Texas,late 2025,preorder,,
Novice,79538,Texas,late 2025,preorder,,
O Brien,79539,Texas,late 2025,preorder,,
Old Glory,79540,Texas,late 2025,preorder,,
Ovalo,79541,Texas,late 2025,preorder,,
Roby,79543,Texas,late 2025,preorder,,
Rochester,79544,Texas,late 2025,preorder,,
Roscoe,79545,Texas,late 2025,preorder,,
Rotan,79546,Texas,late 2025,preorder,1305.4,12728.9
Rule,79547,Texas,late 2025,preorder,743.6,4371.5
Rule,79548,Texas,late 2025,preorder,743.6,4371.5
Snyder,79549,Texas,late 2025,preorder,208.5,1900.3
Stamford,79553,Texas,late 2025,preorder,1066.4,10885.8
Sweetwater,79556,Texas,late 2025,preorder,2567.9,7174.6
Sylvester,79560,Texas,late 2025,preorder,,
Trent,79561,Texas,late 2025,preorder,,
Tuscola,79562,Texas,late 2025,preorder,,
Tye,79563,Texas,late 2025,preorder,,
Westbrook,79565,Texas,late 2025,preorder,,
Wingate,79566,Texas,late 2025,preorder,,
Winters,79567,Texas,late 2025,preorder,916.0,6382.1
Abilene,79601,Texas,late 2025,preorder,1066.4,10885.8
Abilene,79602,Texas,late 2025,preorder,500.5,4867.8
Abilene,79603,Texas,late 2025,preorder,500.5,4867.8
Abilene,79605,Texas,late 2025,preorder,500.5,4867.8
Abilene,79606,Texas,late 2025,preorder,500.5,4867.8
Dyess Afb,79607,Texas,late 2025,preorder,,
Abilene,79697,Texas,late 2025,preorder,,
Abilene,79698,Texas,late 2025,preorder,,
Abilene,79699,Texas,late 2025,preorder,500.5,4867.8
Midland,79701,Texas,late 2025,preorder,48.0,287.0
Midland,79703,Texas,late 2025,preorder,48.0,287.0
Midland,79705,Texas,late 2025,preorder,203.0,1881.8
Midland,79706,Texas,late 2025,preorder,48.0,287.0
Midland,79707,Texas,late 2025,preorder,48.0,287.0
Midland,79712,Texas,late 2025,preorder,,
Ackerly,79713,Texas,late 2025,preorder,,
Andrews,79714,Texas,late 2025,preorder,111.5,1379.9
Balmorhea,79718,Texas,late 2025,preorder,525.3,2978.3
Big Spring,79720,Texas,late 2025,preorder,88.9,614.6
Big Spring,79721,Texas,late 2025,preorder,88.9,614.6
Crane,79731,Texas,late 2025,preorder,602.1,4040.6
Crane,79731,Texas,late 2025,preorder,602.1,4040.6
Fort Davis,79734,Texas,late 2025,preorder,311.2,2058.9
Fort Stockton,79735,Texas,late 2025,preorder,362.7,2375.7
Gail,79738,Texas,late 2025,preorder,,
Garden City,79739,Texas,late 2025,preorder,,
Goldsmith,79741,Texas,late 2025,preorder,,
Iraan,79744,Texas,late 2025,preorder,270.2,1650.1
Kermit,79745,Texas,late 2025,preorder,443.5,6353.1
Kermit,79745,Texas,late 2025,preorder,443.5,6353.1
Knott,79748,Texas,late 2025,preorder,,
Lenorah,79749,Texas,late 2025,preorder,,
Mc Camey,79752,Texas,late 2025,preorder,,
Midkiff,79755,Texas,late 2025,preorder,,
Monahans,79756,Texas,late 2025,preorder,941.3,4873.9
Gardendale,79758,Texas,late 2025,preorder,,
Odessa,79761,Texas,2026,preorder,58.6,344.8
Odessa,79762,Texas,2026,preorder,58.6,344.8
Odessa,79763,Texas,2026,preorder,58.6,344.8
Odessa,79764,Texas,2026,preorder,58.6,344.8
Odessa,79765,Texas,2026,preorder,48.0,287.0
Odessa,79766,Texas,2026,preorder,58.6,344.8
Pecos,79772,Texas,late 2025,preorder,525.3,2978.3
Pecos,79772,Texas,late 2025,preorder,525.3,2978.3
Rankin,79778,Texas,late 2025,preorder,396.2,2916.1
Rankin,79778,Texas,late 2025,preorder,396.2,2916.1
Sheffield,79781,Texas,late 2025,preorder,122.5,1329.6
Stanton,79782,Texas,late 2025,preorder,,
Tarzan,79783,Texas,late 2025,preorder,,
Alpine,79830,Texas,late 2025,preorder,135.6,917.3
Alpine,79832,Texas,late 2025,preorder,135.6,917.3
Canutillo,79835,Texas,late 2025,preorder,,
Clint,79836,Texas,late 2025,preorder,,
Fort Hancock,79839,Texas,late 2025,preorder,,
Marfa,79843,Texas,late 2025,preorder,154.1,851.3
Presidio,79845,Texas,late 2025,preorder,154.1,851.3
Salt Flat,79847,Texas,late 2025,preorder,,
San Elizario,79849,Texas,late 2025,preorder,,
Terlingua,79852,Texas,late 2025,preorder,,
Valentine,79854,Texas,late 2025,preorder,,
Fort Bliss,79916,Texas,late 2025,preorder,,
Fort Bliss,79918,Texas,late 2025,preorder,,
Allen,75002,Texas,in 2-6 weeks,yes,308.3,2220.3
Carrollton,75006,Texas,in 2-6 weeks,yes,143.2,690.8
Carrollton,75007,Texas,in 2-6 weeks,yes,395.1,1744.2
Carrollton,75010,Texas,in 2-6 weeks,yes,395.1,1744.2
Allen,75013,Texas,in 2-6 weeks,yes,308.3,2220.3
Coppell,75019,Texas,in 2-6 weeks,yes,143.2,690.8
Flower Mound,75022,Texas,in 2-6 weeks,yes,,
Plano,75023,Texas,in 2-6 weeks,yes,308.3,2220.3
Plano,75024,Texas,in 2-6 weeks,yes,308.3,2220.3
Plano,75025,Texas,in 2-6 weeks,yes,308.3,2220.3
Flower Mound,75028,Texas,in 2-6 weeks,yes,,
Frisco,75033,Texas,in 2-6 weeks,yes,395.1,1744.2
Frisco,75034,Texas,in 2-6 weeks,yes,308.3,2220.3
Frisco,75035,Texas,in 2-6 weeks,yes,308.3,2220.3
Frisco,75036,Texas,in 2-6 weeks,yes,395.1,1744.2
Grand Prairie,75050,Texas,in 2-6 weeks,yes,143.2,690.8
Grand Prairie,75051,Texas,in 2-6 weeks,yes,143.2,690.8
Grand Prairie,75052,Texas,in 2-6 weeks,yes,143.2,690.8
Grand Prairie,75054,Texas,in 2-6 weeks,yes,143.2,690.8
Mckinney,75069,Texas,in 2-6 weeks,yes,,
Mckinney,75070,Texas,in 2-6 weeks,yes,,
Mckinney,75071,Texas,in 2-6 weeks,yes,,
Mckinney,75072,Texas,in 2-6 weeks,yes,,
Plano,75074,Texas,in 2-6 weeks,yes,308.3,2220.3
Plano,75075,Texas,in 2-6 weeks,yes,308.3,2220.3
Rockwall,75087,Texas,in 2-6 weeks,yes,276.4,2613.4
Sherman,75090,Texas,in 2-6 weeks,yes,406.8,2519.0
Sherman,75092,Texas,in 2-6 weeks,yes,406.8,2519.0
Plano,75093,Texas,in 2-6 weeks,yes,308.3,2220.3
Plano,75094,Texas,in 2-6 weeks,yes,308.3,2220.3
Wylie,75098,Texas,in 2-6 weeks,yes,,
Duncanville,75116,Texas,in 2-6 weeks,yes,143.2,690.8
Ennis,75119,Texas,in 2-6 weeks,yes,247.2,2741.4
Ferris,75125,Texas,in 2-6 weeks,yes,,
Forney,75126,Texas,in 2-6 weeks,yes,630.5,5441.9
Duncanville,75137,Texas,in 2-6 weeks,yes,143.2,690.8
Red Oak,75154,Texas,in 2-6 weeks,yes,247.2,2741.4
Josephine,75164,Texas,in 2-6 weeks,yes,,
Waxahachie,75165,Texas,in 2-6 weeks,yes,247.2,2741.4
Waxahachie,75167,Texas,in 2-6 weeks,yes,247.2,2741.4
Wilmer,75172,Texas,in 2-6 weeks,yes,,
Nevada,75173,Texas,in 2-6 weeks,yes,,
Royse City,75189,Texas,in 2-6 weeks,yes,276.4,2613.4
Dallas,75234,Texas,in 2-6 weeks,yes,143.2,690.8
Dallas,75261,Texas,in 2-6 weeks,yes,35.3,214.6
Greenville,75401,Texas,in 2-6 weeks,yes,,
Princeton,75407,Texas,in 2-6 weeks,yes,,
Anna,75409,Texas,in 2-6 weeks,yes,,
Farmersville,75442,Texas,in 2-6 weeks,yes,,
Arlington,76001,Texas,in 2-6 weeks,yes,35.3,214.6
Arlington,76002,Texas,in 2-6 weeks,yes,35.3,214.6
Arlington,76005,Texas,in 2-6 weeks,yes,35.3,214.6
Arlington,76006,Texas,in 2-6 weeks,yes,35.3,214.6
Aledo,76008,Texas,in 2-6 weeks,yes,99.4,1296.6
Arlington,76010,Texas,in 2-6 weeks,yes,35.3,214.6
Arlington,76011,Texas,in 2-6 weeks,yes,35.3,214.6
Arlington,76012,Texas,in 2-6 weeks,yes,35.3,214.6
Arlington,76013,Texas,in 2-6 weeks,yes,35.3,214.6
Arlington,76014,Texas,in 2-6 weeks,yes,35.3,214.6
Arlington,76015,Texas,in 2-6 weeks,yes,35.3,214.6
Arlington,76016,Texas,in 2-6 weeks,yes,35.3,214.6
Arlington,76017,Texas,in 2-6 weeks,yes,35.3,214.6
Arlington,76018,Texas,in 2-6 weeks,yes,35.3,214.6
Arlington,76019,Texas,in 2-6 weeks,yes,,
Azle,76020,Texas,in 2-6 weeks,yes,99.4,1296.6
Bedford,76021,Texas,in 2-6 weeks,yes,35.3,214.6
Bedford,76022,Texas,in 2-6 weeks,yes,35.3,214.6
Burleson,76028,Texas,in 2-6 weeks,yes,184.9,2314.5
Cleburne,76031,Texas,in 2-6 weeks,yes,184.9,2314.5
Colleyville,76034,Texas,in 2-6 weeks,yes,,
Crowley,76036,Texas,in 2-6 weeks,yes,,
Euless,76039,Texas,in 2-6 weeks,yes,35.3,214.6
Euless,76040,Texas,in 2-6 weeks,yes,35.3,214.6
Forreston,76041,Texas,in 2-6 weeks,yes,,
Godley,76044,Texas,in 2-6 weeks,yes,,
Granbury,76049,Texas,in 2-6 weeks,yes,555.8,3948.0
Grandview,76050,Texas,in 2-6 weeks,yes,184.9,2314.5
Grapevine,76051,Texas,in 2-6 weeks,yes,35.3,214.6
Haslet,76052,Texas,in 2-6 weeks,yes,,
Hurst,76053,Texas,in 2-6 weeks,yes,35.3,214.6
Joshua,76058,Texas,in 2-6 weeks,yes,,
Mansfield,76063,Texas,in 2-6 weeks,yes,35.3,214.6
Midlothian,76065,Texas,in 2-6 weeks,yes,247.2,2741.4
Millsap,76066,Texas,in 2-6 weeks,yes,,
Mineral Wells,76067,Texas,in 2-6 weeks,yes,535.2,4442.4
Newark,76071,Texas,in 2-6 weeks,yes,,
Rhome,76078,Texas,in 2-6 weeks,yes,,
Springtown,76082,Texas,in 2-6 weeks,yes,99.4,1296.6
Venus,76084,Texas,in 2-6 weeks,yes,,
Weatherford,76085,Texas,in 2-6 weeks,yes,,
Weatherford,76087,Texas,in 2-6 weeks,yes,,
Weatherford,76088,Texas,in 2-6 weeks,yes,,
Southlake,76092,Texas,in 2-6 weeks,yes,,
Fort Worth,76102,Texas,in 2-6 weeks,yes,35.3,214.6
Fort Worth,76103,Texas,in 2-6 weeks,yes,35.3,214.6
Fort Worth,76104,Texas,in 2-6 weeks,yes,35.3,214.6
Fort Worth,76105,Texas,in 2-6 weeks,yes,35.3,214.6
Fort Worth,76106,Texas,in 2-6 weeks,yes,35.3,214.6
Fort Worth,76107,Texas,in 2-6 weeks,yes,35.3,214.6
Fort Worth,76108,Texas,in 2-6 weeks,yes,35.3,214.6
Fort Worth,76109,Texas,in 2-6 weeks,yes,35.3,214.6
Fort Worth,76110,Texas,in 2-6 weeks,yes,35.3,214.6
Fort Worth,76111,Texas,in 2-6 weeks,yes,35.3,214.6
Fort Worth,76112,Texas,in 2-6 weeks,yes,35.3,214.6
Fort Worth,76114,Texas,in 2-6 weeks,yes,35.3,214.6
Fort Worth,76115,Texas,in 2-6 weeks,yes,35.3,214.6
Fort Worth,76116,Texas,in 2-6 weeks,yes,35.3,214.6
Haltom City,76117,Texas,in 2-6 weeks,yes,35.3,214.6
Fort Worth,76118,Texas,in 2-6 weeks,yes,35.3,214.6
Fort Worth,76119,Texas,in 2-6 weeks,yes,35.3,214.6
Fort Worth,76120,Texas,in 2-6 weeks,yes,35.3,214.6
Fort Worth,76122,Texas,in 2-6 weeks,yes,,
Fort Worth,76123,Texas,in 2-6 weeks,yes,35.3,214.6
Fort Worth,76126,Texas,in 2-6 weeks,yes,35.3,214.6
Naval Air Station Jrb,76127,Texas,in 2-6 weeks,yes,,
Fort Worth,76129,Texas,in 2-6 weeks,yes,35.3,214.6
Fort Worth,76131,Texas,in 2-6 weeks,yes,35.3,214.6
Fort Worth,76132,Texas,in 2-6 weeks,yes,35.3,214.6
Fort Worth,76133,Texas,in 2-6 weeks,yes,35.3,214.6
Fort Worth,76134,Texas,in 2-6 weeks,yes,35.3,214.6
Fort Worth,76135,Texas,in 2-6 weeks,yes,35.3,214.6
Fort Worth,76137,Texas,in 2-6 weeks,yes,35.3,214.6
Fort Worth,76140,Texas,in 2-6 weeks,yes,35.3,214.6
Fort Worth,76148,Texas,in 2-6 weeks,yes,35.3,214.6
Fort Worth,76150,Texas,in 2-6 weeks,yes,,
Fort Worth,76155,Texas,in 2-6 weeks,yes,35.3,214.6
Fort Worth,76164,Texas,in 2-6 weeks,yes,35.3,214.6
Fort Worth,76166,Texas,in 2-6 weeks,yes,,
Fort Worth,76177,Texas,in 2-6 weeks,yes,35.3,214.6
Fort Worth,76179,Texas,in 2-6 weeks,yes,35.3,214.6
Argyle,76226,Texas,in 2-6 weeks,yes,395.1,1744.2
Decatur,76234,Texas,in 2-6 weeks,yes,194.6,1796.2
Fort Worth,76244,Texas,in 2-6 weeks,yes,,
Justin,76247,Texas,in 2-6 weeks,yes,,
Keller,76248,Texas,in 2-6 weeks,yes,35.3,214.6
Roanoke,76262,Texas,in 2-6 weeks,yes,395.1,1744.2
Graford,76449,Texas,in 2-6 weeks,yes,535.2,4442.4
Gordon,76453,Texas,in 2-6 weeks,yes,,
Santo,76472,Texas,in 2-6 weeks,yes,,
Palo Pinto,76484,Texas,in 2-6 weeks,yes,,
Peaster,76485,Texas,in 2-6 weeks,yes,,
Temple,76501,Texas,in 2-6 weeks,yes,68.7,730.3
Temple,76502,Texas,in 2-6 weeks,yes,68.7,730.3
Temple,76504,Texas,in 2-6 weeks,yes,68.7,730.3
Temple,76508,Texas,in 2-6 weeks,yes,,
Bartlett,76511,Texas,in 2-6 weeks,yes,,
Belton,76513,Texas,in 2-6 weeks,yes,68.7,730.3
Buckholts,76518,Texas,in 2-6 weeks,yes,,
Burlington,76519,Texas,in 2-6 weeks,yes,,
Cameron,76520,Texas,in 2-6 weeks,yes,384.3,3463.3
Copperas Cove,76522,Texas,in 2-6 weeks,yes,948.6,4643.9
Florence,76527,Texas,in 2-6 weeks,yes,,
Gatesville,76528,Texas,in 2-6 weeks,yes,948.6,4643.9
Holland,76534,Texas,in 2-6 weeks,yes,,
Jarrell,76537,Texas,in 2-6 weeks,yes,,
Kempner,76539,Texas,in 2-6 weeks,yes,,
Killeen,76540,Texas,in 2-6 weeks,yes,,
Killeen,76541,Texas,in 2-6 weeks,yes,68.7,730.3
Killeen,76542,Texas,in 2-6 weeks,yes,68.7,730.3
Killeen,76543,Texas,in 2-6 weeks,yes,68.7,730.3
Cavazos,76544,Texas,in 2-6 weeks,yes,,
Harker Heights,76548,Texas,in 2-6 weeks,yes,68.7,730.3
Killeen,76549,Texas,in 2-6 weeks,yes,68.7,730.3
Little River Academy,76554,Texas,in 2-6 weeks,yes,,
Moody,76557,Texas,in 2-6 weeks,yes,,
Nolanville,76559,Texas,in 2-6 weeks,yes,,
Rockdale,76567,Texas,in 2-6 weeks,yes,384.3,3463.3
Rogers,76569,Texas,in 2-6 weeks,yes,,
Salado,76571,Texas,in 2-6 weeks,yes,68.7,730.3
Taylor,76574,Texas,in 2-6 weeks,yes,189.6,1392.7
Troy,76579,Texas,in 2-6 weeks,yes,,
Italy,76651,Texas,in 2-6 weeks,yes,247.2,2741.4
Montgomery,77356,Texas,in 2-6 weeks,yes,,
Alvin,77511,Texas,in 2-6 weeks,yes,81.2,662.5
Gause,77857,Texas,in 2-6 weeks,yes,,
Bastrop,78602,Texas,in 2-6 weeks,yes,,
Elgin,78621,Texas,in 2-6 weeks,yes,112.3,839.3
Georgetown,78626,Texas,in 2-6 weeks,yes,,
Georgetown,78628,Texas,in 2-6 weeks,yes,,
Georgetown,78633,Texas,in 2-6 weeks,yes,,
Hutto,78634,Texas,in 2-6 weeks,yes,,
Mc Dade,78650,Texas,in 2-6 weeks,yes,,
Manor,78653,Texas,in 2-6 weeks,yes,513.5,3612.5
Paige,78659,Texas,in 2-6 weeks,yes,,
Pflugerville,78660,Texas,in 2-6 weeks,yes,513.5,3612.5
Red Rock,78662,Texas,in 2-6 weeks,yes,,
Round Rock,78664,Texas,in 2-6 weeks,yes,189.6,1392.7
Round Rock,78665,Texas,in 2-6 weeks,yes,189.6,1392.7
Round Rock,78680,Texas,in 2-6 weeks,yes,,
Round Rock,78681,Texas,in 2-6 weeks,yes,189.6,1392.7
Round Rock,78682,Texas,in 2-6 weeks,yes,,
Round Rock,78717,Texas,in 2-6 weeks,yes,,
Austin,78727,Texas,in 2-6 weeks,yes,,
Austin,78728,Texas,in 2-6 weeks,yes,,
Rosanky,78953,Texas,in 2-6 weeks,yes,,
Smithville,78957,Texas,in 2-6 weeks,yes,,
Keller,,Texas,in 2-6 weeks,yes,35.3,214.6
New Braunfels,78132,Texas,late 2025,,,
New Braunfels,78135,Texas,late 2025,,,
Cedar Creek,78612,Texas,late 2025,,,
Del Valle,78617,Texas,late 2025,,,